CACode,VaCode,Estimate,LowerCIB,UpperCIB,Flag
C01T,V01A,17.1,16.2,18.1,
C01T,V01B,18,17.1,18.9,
C01T,V01C,31,29.9,32.2,
C01T,V01D,15.8,14.8,16.8,
C01T,V01E,18,16.9,19,
C01T,V02A,12.5,11.7,13.4,
C01T,V02B,16,14.8,17.1,
C01T,V02C,29.7,28.4,31,
C01T,V02D,17.6,16.5,18.7,
C01T,V02E,24.2,23.2,25.3,
C01T,V03A,10.9,10.1,11.8,
C01T,V03B,24.2,22.9,25.5,
C01T,V03C,46.5,45.2,47.7,
C01T,V03D,18.4,17.3,19.5,
C01T,V04A,19.2,18,20.4,
C01T,V04B,38.9,37.6,40.2,
C01T,V04C,27.5,26.4,28.6,
C01T,V04D,14.4,13.5,15.3,
C01T,V05A,35.7,34,37.3,
C01T,V05B,57.7,56.1,59.3,
C01T,V05C,6.7,6.1,7.3,
C01T,V06A,68.4,66.9,69.9,
C01T,V06B,26.3,24.8,27.7,
C01T,V06C,5.3,4.7,5.9,
C01T,V07A,20.7,19.5,21.9,
C01T,V07B,27.5,26.2,28.8,
C01T,V07C,51.8,50.4,53.2,
C01T,V08A,60.6,59.2,62.1,
C01T,V09A,85.3,84.4,86.2,
C01T,V10A,52.2,50.2,54.1,
C01T,V11A,74.7,73.5,76,
C01T,V12A,16.9,15.9,18,
C01T,V13A,64.6,63.4,65.9,
C01T,V14A,81.1,80,82.2,
C01T,V15A,76.9,75.6,78.2,
C01T,V16A,80.4,79.2,81.6,
C01T,V17A,60.3,59,61.5,
C01T,V17B,22.9,21.8,23.9,
C01T,V17C,10.6,9.8,11.4,
C01T,V17D,6.3,5.6,7,
C01T,V18A,8.5,7.7,9.3,
C01T,V18B,23.6,22.5,24.8,
C01T,V18C,52.5,51.1,53.8,
C01T,V18D,15.4,14.5,16.3,
C01T,V19A,87.4,86.6,88.2,
C01T,V20A,84.3,83.3,85.2,
C01T,V21A,88.7,87.9,89.5,
C01T,V22A,53.2,51.7,54.8,
C01T,V23A,82.5,81.5,83.5,
C01T,V24A,83.7,82.6,84.8,
C01T,V25A,87,86,88.1,
C02A,V00T,17.5,,,B
C02A,V01A,16.4,13.8,19.1,
C02A,V01B,20.3,16.9,23.6,
C02A,V01C,33.8,29.8,37.8,
C02A,V01D,15.8,12.8,18.8,
C02A,V01E,13.8,11.1,16.5,
C02A,V02A,17.8,14.9,20.7,
C02A,V02B,17.2,14,20.5,
C02A,V02C,29.8,26.1,33.4,
C02A,V02D,18.2,14.9,21.6,
C02A,V02E,17,14.4,19.6,
C02A,V03A,16.5,13.3,19.7,
C02A,V03B,23.5,20.1,26.9,
C02A,V03C,46.4,42.7,50.2,
C02A,V03D,13.6,10.6,16.6,
C02A,V04A,24.8,21,28.5,
C02A,V04B,40.5,36,45,
C02A,V04C,22.2,19,25.3,
C02A,V04D,12.6,9.7,15.4,
C02A,V05A,36.1,32.2,40,
C02A,V05B,58.9,55,62.8,
C02A,V05C,5,2.8,7.2,*
C02A,V06A,61.8,58.1,65.5,
C02A,V06B,31.5,27.8,35.2,
C02A,V06C,6.7,4.9,8.6,
C02A,V07A,25.2,21.7,28.8,
C02A,V07B,29.9,25.8,33.9,
C02A,V07C,44.9,40.5,49.3,
C02A,V08A,58.1,54.5,61.8,
C02A,V09A,84.4,81.5,87.3,
C02A,V10A,51.6,46.9,56.2,
C02A,V11A,75.6,71.8,79.5,
C02A,V12A,24.3,20.6,28,
C02A,V13A,56.4,52.1,60.6,
C02A,V14A,73,69.2,76.7,
C02A,V15A,87.4,84.4,90.4,
C02A,V16A,93.6,91.4,95.9,
C02A,V17A,49.3,45.5,53.1,
C02A,V17B,30,26.3,33.7,
C02A,V17C,12.5,9.7,15.3,
C02A,V17D,8.2,5.4,11,*
C02A,V18A,10.5,7.7,13.4,
C02A,V18B,25.5,22.4,28.6,
C02A,V18C,50.8,47,54.7,
C02A,V18D,13.1,10.6,15.7,
C02A,V19A,86.4,83.6,89.2,
C02A,V20A,85.1,82.1,88.1,
C02A,V21A,89.2,86.7,91.6,
C02A,V22A,63.3,58.8,67.7,
C02A,V23A,83.8,81.1,86.6,
C02A,V24A,82.1,79,85.3,
C02A,V25A,85.3,82.2,88.3,
C02B,V00T,32.7,,,B
C02B,V01A,17.9,16.4,19.5,
C02B,V01B,20.9,19,22.7,
C02B,V01C,32.8,30.9,34.7,
C02B,V01D,15,13.5,16.5,
C02B,V01E,13.4,11.9,14.9,
C02B,V02A,11.5,10.1,13,
C02B,V02B,17.6,15.8,19.3,
C02B,V02C,32.2,30.1,34.2,
C02B,V02D,17,15.2,18.8,
C02B,V02E,21.8,20,23.6,
C02B,V03A,10.8,9.3,12.3,
C02B,V03B,28.3,25.8,30.8,
C02B,V03C,44.6,41.9,47.3,
C02B,V03D,16.3,14.6,18.1,
C02B,V04A,21.7,19.7,23.6,
C02B,V04B,41.5,39.4,43.7,
C02B,V04C,26.7,24.6,28.8,
C02B,V04D,10.1,8.8,11.5,
C02B,V05A,32.7,30.1,35.3,
C02B,V05B,60.5,57.6,63.3,
C02B,V05C,6.9,5.7,8,
C02B,V06A,61.9,59.6,64.2,
C02B,V06B,31.7,29.5,33.9,
C02B,V06C,6.4,5.3,7.6,
C02B,V07A,25.6,23.8,27.3,
C02B,V07B,29.5,27.6,31.5,
C02B,V07C,44.9,42.8,46.9,
C02B,V08A,60.9,58.8,63.1,
C02B,V09A,84,82.4,85.7,
C02B,V10A,53,50,56,
C02B,V11A,78.9,76.7,81.2,
C02B,V12A,21.9,19.9,23.8,
C02B,V13A,62.3,59.8,64.9,
C02B,V14A,85.6,83.9,87.3,
C02B,V15A,75.7,73.6,77.8,
C02B,V16A,85.1,83.4,86.8,
C02B,V17A,57.3,54.8,59.7,
C02B,V17B,24.8,22.8,26.7,
C02B,V17C,12.4,10.9,13.8,
C02B,V17D,5.6,4.4,6.8,
C02B,V18A,9.6,8.3,11,
C02B,V18B,24.7,22.4,26.9,
C02B,V18C,52.1,49.5,54.6,
C02B,V18D,13.7,11.9,15.4,
C02B,V19A,88.2,86.6,89.7,
C02B,V20A,86.6,85,88.2,
C02B,V21A,90.3,89,91.5,
C02B,V22A,55.6,52.9,58.3,
C02B,V23A,85,83.4,86.6,
C02B,V24A,83.9,82.2,85.6,
C02B,V25A,84.7,83.1,86.3,
C02C,V00T,31.9,,,B
C02C,V01A,19.1,17.4,20.8,
C02C,V01B,17.8,16.3,19.3,
C02C,V01C,30.9,28.8,33,
C02C,V01D,15.2,13.3,17.1,
C02C,V01E,17.1,15.5,18.6,
C02C,V02A,12.2,10.9,13.6,
C02C,V02B,15.9,14,17.8,
C02C,V02C,29.3,27.3,31.2,
C02C,V02D,17.9,16.3,19.5,
C02C,V02E,24.7,22.8,26.6,
C02C,V03A,10.1,8.9,11.3,
C02C,V03B,21.3,19.3,23.3,
C02C,V03C,45.6,43.4,47.7,
C02C,V03D,23,20.8,25.1,
C02C,V04A,18,16.2,19.7,
C02C,V04B,37.8,35.7,39.8,
C02C,V04C,28.8,26.7,30.8,
C02C,V04D,15.5,13.8,17.1,
C02C,V05A,32,29.2,34.8,
C02C,V05B,59.6,56.8,62.3,
C02C,V05C,8.4,7.1,9.7,
C02C,V06A,70,67.6,72.4,
C02C,V06B,25.1,22.7,27.4,
C02C,V06C,4.9,3.9,5.9,
C02C,V07A,18.7,17.1,20.4,
C02C,V07B,27,24.9,29.2,
C02C,V07C,54.2,51.7,56.8,
C02C,V08A,63.6,61.5,65.7,
C02C,V09A,87.6,86.3,88.8,
C02C,V10A,52.1,49.1,55,
C02C,V11A,72.6,70.5,74.7,
C02C,V12A,13.4,12,14.8,
C02C,V13A,68.5,66.1,70.8,
C02C,V14A,81.1,79.2,82.9,
C02C,V15A,72.9,70.7,75.1,
C02C,V16A,74.6,72.3,76.9,
C02C,V17A,65.6,63.2,68,
C02C,V17B,20,18.2,21.8,
C02C,V17C,9,7.7,10.2,
C02C,V17D,5.4,4.5,6.4,
C02C,V18A,8,6.8,9.2,
C02C,V18B,22.9,20.9,24.9,
C02C,V18C,54.1,51.8,56.4,
C02C,V18D,15,13.4,16.6,
C02C,V19A,87.3,85.8,88.7,
C02C,V20A,83.8,82.1,85.4,
C02C,V21A,88.9,87.5,90.3,
C02C,V22A,48.6,46.1,51.2,
C02C,V23A,82.6,80.9,84.4,
C02C,V24A,84.2,82.2,86.3,
C02C,V25A,87,85.3,88.8,
C02D,V00T,18,,,B
C02D,V01A,12.9,11.1,14.7,
C02D,V01B,11.2,9.6,12.8,
C02D,V01C,25.5,23,27.9,
C02D,V01D,18.5,16.4,20.6,
C02D,V01E,31.9,29.1,34.7,
C02D,V02A,9.8,8.3,11.2,
C02D,V02B,11.9,10.2,13.6,
C02D,V02C,26,23.7,28.3,
C02D,V02D,17.5,15.4,19.5,
C02D,V02E,34.9,32,37.8,
C02D,V03A,7.6,6.1,9,
C02D,V03B,22.5,20.2,24.8,
C02D,V03C,51.5,48.5,54.5,
C02D,V03D,18.4,16.6,20.2,
C02D,V04A,11.5,9.8,13.2,
C02D,V04B,34.5,31.9,37.1,
C02D,V04C,31.8,29.2,34.4,
C02D,V04D,22.2,19.8,24.6,
C02D,V05A,47.1,44.1,50,
C02D,V05B,48,45.1,50.9,
C02D,V05C,4.9,3.7,6.2,
C02D,V06A,83.9,81.6,86.2,
C02D,V06B,13.4,11.4,15.3,
C02D,V06C,2.7,1.6,3.8,*
C02D,V07A,11,9.6,12.4,
C02D,V07B,22.6,20.5,24.7,
C02D,V07C,66.4,64,68.8,
C02D,V08A,56.5,53.4,59.7,
C02D,V09A,84.4,82.5,86.3,
C02D,V10A,50.9,46.2,55.7,
C02D,V11A,66.7,63.4,70,
C02D,V12A,7.1,5.7,8.5,
C02D,V13A,70,67.1,72.9,
C02D,V14A,80.8,78.5,83.1,
C02D,V15A,75.7,73.5,77.8,
C02D,V16A,69.2,66.7,71.6,
C02D,V17A,67.1,65.1,69.1,
C02D,V17B,17.5,15.6,19.4,
C02D,V17C,8.3,7.1,9.6,
C02D,V17D,7,5.8,8.3,
C02D,V18A,5.4,4.1,6.7,
C02D,V18B,21.2,18.9,23.4,
C02D,V18C,51.9,49.1,54.7,
C02D,V18D,21.5,19.2,23.8,
C02D,V19A,87.2,85.3,89.2,
C02D,V20A,80,77.8,82.2,
C02D,V21A,85,83.2,86.9,
C02D,V22A,47.1,44.3,49.9,
C02D,V23A,76.2,74.1,78.4,
C02D,V24A,84,82,86,
C02D,V25A,93,91.7,94.3,
C03A,V00T,17.5,,,B
C03A,V01A,16.4,13.8,19.1,
C03A,V01B,20.3,16.9,23.6,
C03A,V01C,33.8,29.8,37.8,
C03A,V01D,15.8,12.8,18.8,
C03A,V01E,13.8,11.1,16.5,
C03A,V02A,17.8,14.9,20.7,
C03A,V02B,17.2,14,20.5,
C03A,V02C,29.8,26.1,33.4,
C03A,V02D,18.2,14.9,21.6,
C03A,V02E,17,14.4,19.6,
C03A,V03A,16.5,13.3,19.7,
C03A,V03B,23.5,20.1,26.9,
C03A,V03C,46.4,42.7,50.2,
C03A,V03D,13.6,10.6,16.6,
C03A,V04A,24.8,21,28.5,
C03A,V04B,40.5,36,45,
C03A,V04C,22.2,19,25.3,
C03A,V04D,12.6,9.7,15.4,
C03A,V05A,36.1,32.2,40,
C03A,V05B,58.9,55,62.8,
C03A,V05C,5,2.8,7.2,*
C03A,V06A,61.8,58.1,65.5,
C03A,V06B,31.5,27.8,35.2,
C03A,V06C,6.7,4.9,8.6,
C03A,V07A,25.2,21.7,28.8,
C03A,V07B,29.9,25.8,33.9,
C03A,V07C,44.9,40.5,49.3,
C03A,V08A,58.1,54.5,61.8,
C03A,V09A,84.4,81.5,87.3,
C03A,V10A,51.6,46.9,56.2,
C03A,V11A,75.6,71.8,79.5,
C03A,V12A,24.3,20.6,28,
C03A,V13A,56.4,52.1,60.6,
C03A,V14A,73,69.2,76.7,
C03A,V15A,87.4,84.4,90.4,
C03A,V16A,93.6,91.4,95.9,
C03A,V17A,49.3,45.5,53.1,
C03A,V17B,30,26.3,33.7,
C03A,V17C,12.5,9.7,15.3,
C03A,V17D,8.2,5.4,11,*
C03A,V18A,10.5,7.7,13.4,
C03A,V18B,25.5,22.4,28.6,
C03A,V18C,50.8,47,54.7,
C03A,V18D,13.1,10.6,15.7,
C03A,V19A,86.4,83.6,89.2,
C03A,V20A,85.1,82.1,88.1,
C03A,V21A,89.2,86.7,91.6,
C03A,V22A,63.3,58.8,67.7,
C03A,V23A,83.8,81.1,86.6,
C03A,V24A,82.1,79,85.3,
C03A,V25A,85.3,82.2,88.3,
C03B,V00T,17.2,,,B
C03B,V01A,16.9,14.5,19.2,
C03B,V01B,20.6,18,23.2,
C03B,V01C,34.1,31,37.2,
C03B,V01D,15.7,13.3,18.2,
C03B,V01E,12.7,10.6,14.8,
C03B,V02A,11.5,9.6,13.4,
C03B,V02B,17.8,15.5,20,
C03B,V02C,32.1,28.8,35.3,
C03B,V02D,16.9,14.6,19.3,
C03B,V02E,21.7,19.2,24.2,
C03B,V03A,10.5,8.4,12.6,
C03B,V03B,28.6,25.5,31.7,
C03B,V03C,44.1,40.8,47.5,
C03B,V03D,16.7,14.3,19.2,
C03B,V04A,24.7,21.7,27.7,
C03B,V04B,42,39,44.9,
C03B,V04C,24.9,22,27.7,
C03B,V04D,8.5,6.8,10.2,
C03B,V05A,35.9,32.2,39.6,
C03B,V05B,58.3,54.5,62.1,
C03B,V05C,5.8,4.3,7.3,
C03B,V06A,61.7,58.4,65,
C03B,V06B,31.5,28.3,34.7,
C03B,V06C,6.8,5.4,8.3,
C03B,V07A,27.7,25,30.4,
C03B,V07B,30.2,27,33.4,
C03B,V07C,42.1,38.9,45.3,
C03B,V08A,61.3,58.7,64,
C03B,V09A,82.4,80.2,84.6,
C03B,V10A,54.9,50.9,59,
C03B,V11A,79.8,77.3,82.4,
C03B,V12A,22.4,19.7,25.1,
C03B,V13A,62.3,58.8,65.8,
C03B,V14A,88,85.7,90.3,
C03B,V15A,76.3,73.4,79.2,
C03B,V16A,86.5,84.1,88.9,
C03B,V17A,53.9,50.6,57.2,
C03B,V17B,26.4,23.7,29.1,
C03B,V17C,12.9,10.9,15,
C03B,V17D,6.7,4.9,8.6,
C03B,V18A,10,8.2,11.8,
C03B,V18B,24.3,21.5,27.2,
C03B,V18C,50.8,47.6,54,
C03B,V18D,14.9,12.4,17.4,
C03B,V19A,88.1,86,90.2,
C03B,V20A,86.9,84.9,88.9,
C03B,V21A,90.3,88.5,92.1,
C03B,V22A,59,55.2,62.9,
C03B,V23A,84.7,82.3,87.1,
C03B,V24A,83,80.5,85.5,
C03B,V25A,84.4,82,86.7,
C03C,V00T,15.5,,,B
C03C,V01A,19.1,16.9,21.3,
C03C,V01B,21.2,18.5,23.9,
C03C,V01C,31.4,28.4,34.4,
C03C,V01D,14.2,12.2,16.2,
C03C,V01E,14.2,11.8,16.6,
C03C,V02A,11.6,9.5,13.6,
C03C,V02B,17.3,14.3,20.3,
C03C,V02C,32.3,29.3,35.2,
C03C,V02D,17,14.3,19.7,
C03C,V02E,21.9,19.1,24.7,
C03C,V03A,11.1,9.1,13.1,
C03C,V03B,27.9,24.7,31.2,
C03C,V03C,45.1,41.3,48.8,
C03C,V03D,15.9,13.5,18.3,
C03C,V04A,18.3,15.7,20.8,
C03C,V04B,41,37.7,44.3,
C03C,V04C,28.7,25.8,31.7,
C03C,V04D,11.9,10,13.9,
C03C,V05A,29.1,25.9,32.3,
C03C,V05B,62.9,59.3,66.5,
C03C,V05C,8,6.3,9.7,
C03C,V06A,62.1,59.2,65,
C03C,V06B,32,29.3,34.6,
C03C,V06C,5.9,4.4,7.5,
C03C,V07A,23.3,21.1,25.4,
C03C,V07B,28.8,26.1,31.5,
C03C,V07C,47.9,45.2,50.6,
C03C,V08A,60.5,57.2,63.8,
C03C,V09A,85.9,83.7,88,
C03C,V10A,50.6,46,55.3,
C03C,V11A,77.9,74.4,81.3,
C03C,V12A,21.2,18.6,23.8,
C03C,V13A,62.4,59.4,65.3,
C03C,V14A,82.9,80.6,85.2,
C03C,V15A,75.1,72.6,77.6,
C03C,V16A,83.5,81.2,85.8,
C03C,V17A,61,57.8,64.1,
C03C,V17B,23,20.3,25.6,
C03C,V17C,11.7,9.9,13.4,
C03C,V17D,4.4,3.2,5.6,
C03C,V18A,9.2,7.4,11,
C03C,V18B,25,21.9,28.2,
C03C,V18C,53.5,49.7,57.3,
C03C,V18D,12.3,10.2,14.3,
C03C,V19A,88.2,86.1,90.4,
C03C,V20A,86.2,83.9,88.6,
C03C,V21A,90.3,88.5,92.1,
C03C,V22A,51.8,48.7,54.9,
C03C,V23A,85.4,83.4,87.4,
C03C,V24A,84.9,82.7,87.2,
C03C,V25A,85.1,82.9,87.3,
C03D,V00T,17,,,B
C03D,V01A,18.4,16.1,20.8,
C03D,V01B,18,15.9,20,
C03D,V01C,32.7,29.5,35.9,
C03D,V01D,16.2,13.4,19,
C03D,V01E,14.7,12.6,16.8,
C03D,V02A,11.3,9.4,13.1,
C03D,V02B,17.4,14.7,20,
C03D,V02C,30.1,27.1,33.1,
C03D,V02D,18.5,15.8,21.1,
C03D,V02E,22.8,19.9,25.7,
C03D,V03A,8.8,7.3,10.3,
C03D,V03B,22.2,19.4,25,
C03D,V03C,47.1,44.1,50,
C03D,V03D,21.9,19.2,24.6,
C03D,V04A,19.3,16.8,21.9,
C03D,V04B,38.6,35.6,41.6,
C03D,V04C,28,25,31.1,
C03D,V04D,14,11.7,16.3,
C03D,V05A,31.4,27.6,35.1,
C03D,V05B,60,56.2,63.8,
C03D,V05C,8.6,6.8,10.4,
C03D,V06A,67.9,64.8,70.9,
C03D,V06B,27.5,24.6,30.4,
C03D,V06C,4.7,3.4,6,
C03D,V07A,19.7,17.2,22.2,
C03D,V07B,25.3,22.6,28,
C03D,V07C,55,51.1,58.8,
C03D,V08A,64.3,60.9,67.7,
C03D,V09A,89.8,88,91.6,
C03D,V10A,54.6,50.5,58.8,
C03D,V11A,73.3,70.5,76.1,
C03D,V12A,14.4,12.4,16.3,
C03D,V13A,65.3,62.3,68.4,
C03D,V14A,79.1,76.7,81.5,
C03D,V15A,70.9,67.9,74,
C03D,V16A,75.9,72.9,79,
C03D,V17A,66.7,63.8,69.7,
C03D,V17B,18.8,16.2,21.3,
C03D,V17C,9.1,7.4,10.7,
C03D,V17D,5.4,4.1,6.7,
C03D,V18A,8.4,6.6,10.2,
C03D,V18B,23.1,20.4,25.9,
C03D,V18C,53.6,50.1,57.1,
C03D,V18D,14.9,12.4,17.4,
C03D,V19A,87.2,85.1,89.4,
C03D,V20A,83.9,81.3,86.4,
C03D,V21A,89.4,87.4,91.4,
C03D,V22A,50.4,46.9,54,
C03D,V23A,83.9,81.6,86.3,
C03D,V24A,83.6,80.8,86.3,
C03D,V25A,86.2,83.7,88.8,
C03E,V00T,14.9,,,B
C03E,V01A,19.8,17.2,22.4,
C03E,V01B,17.5,15.1,19.9,
C03E,V01C,28.8,26.3,31.4,
C03E,V01D,14.1,11.9,16.2,
C03E,V01E,19.8,17.2,22.3,
C03E,V02A,13.3,11.2,15.4,
C03E,V02B,14.3,12.1,16.5,
C03E,V02C,28.3,25.3,31.3,
C03E,V02D,17.2,14.8,19.7,
C03E,V02E,26.9,24,29.7,
C03E,V03A,11.6,9.7,13.5,
C03E,V03B,20.3,17.6,23,
C03E,V03C,43.9,41,46.8,
C03E,V03D,24.2,21.1,27.2,
C03E,V04A,16.4,13.7,19,
C03E,V04B,36.9,33.8,39.9,
C03E,V04C,29.6,27,32.3,
C03E,V04D,17.1,14.7,19.6,
C03E,V05A,32.8,29.9,35.7,
C03E,V05B,59.1,55.9,62.2,
C03E,V05C,8.1,6.2,10,
C03E,V06A,72.5,69.3,75.7,
C03E,V06B,22.3,19.1,25.5,
C03E,V06C,5.2,3.8,6.6,
C03E,V07A,17.6,15,20.2,
C03E,V07B,29,25.9,32.1,
C03E,V07C,53.4,49.9,56.9,
C03E,V08A,62.8,60,65.6,
C03E,V09A,85,83,87,
C03E,V10A,48.7,44.3,53.2,
C03E,V11A,71.7,68.8,74.5,
C03E,V12A,12.3,10.6,13.9,
C03E,V13A,72.1,69,75.2,
C03E,V14A,83.3,80.7,85.9,
C03E,V15A,75.2,72.5,77.8,
C03E,V16A,73.1,69.8,76.3,
C03E,V17A,64.2,60.8,67.6,
C03E,V17B,21.5,18.7,24.2,
C03E,V17C,8.9,7,10.7,
C03E,V17D,5.5,4,6.9,
C03E,V18A,7.5,5.9,9.1,
C03E,V18B,22.7,20.2,25.1,
C03E,V18C,54.7,51.8,57.6,
C03E,V18D,15.1,12.7,17.5,
C03E,V19A,87.3,85.3,89.4,
C03E,V20A,83.6,81.2,86.1,
C03E,V21A,88.2,86.1,90.4,
C03E,V22A,46.6,43.1,50.2,
C03E,V23A,81.2,78.7,83.7,
C03E,V24A,85,82.3,87.6,
C03E,V25A,87.9,85.8,90.1,
C03F,V00T,10.8,,,B
C03F,V01A,14,11.5,16.5,
C03F,V01B,11.6,9.6,13.7,
C03F,V01C,26.7,23.3,30.2,
C03F,V01D,19.6,16.8,22.3,
C03F,V01E,28,24.8,31.3,
C03F,V02A,10.4,8.4,12.4,
C03F,V02B,12.1,9.9,14.3,
C03F,V02C,26.2,23,29.4,
C03F,V02D,18,15.4,20.7,
C03F,V02E,33.3,30,36.6,
C03F,V03A,8.1,6.1,10.2,
C03F,V03B,21.9,19.1,24.7,
C03F,V03C,49.7,46.2,53.2,
C03F,V03D,20.2,17.7,22.7,
C03F,V04A,13.2,10.7,15.7,
C03F,V04B,37.2,33.9,40.6,
C03F,V04C,30.7,27.5,34,
C03F,V04D,18.9,15.9,21.8,
C03F,V05A,41.9,37.9,45.9,
C03F,V05B,52,48.1,56,
C03F,V05C,6.1,4.3,7.9,
C03F,V06A,81.9,79,84.9,
C03F,V06B,14.9,12.4,17.4,
C03F,V06C,3.2,1.8,4.6,*
C03F,V07A,12.1,10.2,14.1,
C03F,V07B,23.9,20.9,26.8,
C03F,V07C,64,60.7,67.3,
C03F,V08A,58.2,54.1,62.4,
C03F,V09A,82.8,80.1,85.4,
C03F,V10A,52,46.3,57.7,
C03F,V11A,67.4,63.4,71.4,
C03F,V12A,9.2,7,11.3,
C03F,V13A,70.9,67.3,74.6,
C03F,V14A,82.5,79.8,85.1,
C03F,V15A,78.6,76,81.3,
C03F,V16A,71.1,67.8,74.3,
C03F,V17A,68.2,65.1,71.3,
C03F,V17B,17.1,14.5,19.8,
C03F,V17C,8.5,6.6,10.3,
C03F,V17D,6.2,4.6,7.8,
C03F,V18A,5.2,3.6,6.8,*
C03F,V18B,21.5,18.6,24.4,
C03F,V18C,53.7,50,57.3,
C03F,V18D,19.6,16.8,22.4,
C03F,V19A,86.6,84.1,89,
C03F,V20A,82.3,79.6,85,
C03F,V21A,86.4,84.3,88.5,
C03F,V22A,47.8,43.9,51.6,
C03F,V23A,77.2,74.5,80,
C03F,V24A,84.4,81.9,86.9,
C03F,V25A,92.4,90.8,93.9,
C03G,V00T,7.2,,,B
C03G,V01A,11.3,8.8,13.7,
C03G,V01B,10.6,8,13.2,
C03G,V01C,23.5,20.4,26.7,
C03G,V01D,16.9,13.9,19.9,
C03G,V01E,37.7,33.2,42.2,
C03G,V02A,8.8,6.8,10.8,
C03G,V02B,11.6,8.6,14.5,
C03G,V02C,25.7,22.3,29.1,
C03G,V02D,16.6,13.4,19.7,
C03G,V02E,37.4,33.1,41.6,
C03G,V03A,6.7,4.7,8.6,
C03G,V03B,23.4,20.2,26.6,
C03G,V03C,54.3,49.5,59.1,
C03G,V03D,15.7,12.4,19,
C03G,V04A,9,6.5,11.4,
C03G,V04B,30.3,26.2,34.3,
C03G,V04C,33.5,29.9,37.1,
C03G,V04D,27.3,23.4,31.1,
C03G,V05A,54.9,50.2,59.7,
C03G,V05B,41.9,37.3,46.4,
C03G,V05C,3.2,1.9,4.5,*
C03G,V06A,86.9,83.7,90.1,
C03G,V06B,11.1,8.3,13.8,
C03G,V06C,2.1,0.6,3.5,**
C03G,V07A,9.3,7.1,11.5,
C03G,V07B,20.6,17.6,23.6,
C03G,V07C,70.1,66.5,73.7,
C03G,V08A,53.3,48.5,58.1,
C03G,V09A,86.8,84.2,89.5,
C03G,V10A,48.3,38.9,57.7,
C03G,V11A,64.7,58.4,70.9,
C03G,V12A,4,2.5,5.4,*
C03G,V13A,68.5,64.4,72.6,
C03G,V14A,78.3,74.5,82.2,
C03G,V15A,71.2,67.3,75.1,
C03G,V16A,66.3,62.1,70.4,
C03G,V17A,65.5,62.1,68.9,
C03G,V17B,18.1,15.2,20.9,
C03G,V17C,8.2,6.2,10.1,
C03G,V17D,8.3,6.3,10.3,
C03G,V18A,5.8,3.8,7.7,*
C03G,V18B,20.6,17.3,23.9,
C03G,V18C,49.2,45.1,53.3,
C03G,V18D,24.4,20.9,28,
C03G,V19A,88.2,85.4,91.1,
C03G,V20A,76.5,72.7,80.2,
C03G,V21A,82.9,79.7,86.1,
C03G,V22A,46.2,41.8,50.5,
C03G,V23A,74.7,71.3,78.1,
C03G,V24A,83.3,80.2,86.5,
C03G,V25A,93.9,91.9,96,
C04A,V00T,48.7,,,B
C04A,V01A,18.5,16.9,20.1,
C04A,V01B,18.8,17.2,20.3,
C04A,V01C,30.3,28.3,32.3,
C04A,V01D,15.5,14.2,16.9,
C04A,V01E,17,15.5,18.4,
C04A,V02A,14,12.6,15.5,
C04A,V02B,18.1,16.3,20,
C04A,V02C,29.5,27.7,31.4,
C04A,V02D,16.4,15,17.8,
C04A,V02E,21.9,20.5,23.4,
C04A,V03A,10.2,9,11.4,
C04A,V03B,23.9,22.2,25.6,
C04A,V03C,46.7,44.6,48.7,
C04A,V03D,19.2,17.7,20.8,
C04A,V04A,19.3,17.6,21,
C04A,V04B,38.2,36,40.3,
C04A,V04C,28.7,27.2,30.3,
C04A,V04D,13.8,12.4,15.2,
C04A,V05A,35.5,33.5,37.6,
C04A,V05B,58.6,56.6,60.6,
C04A,V05C,5.9,5.1,6.6,
C04A,V06A,68.6,66.6,70.7,
C04A,V06B,26.3,24.5,28.2,
C04A,V06C,5,4.1,6,
C04A,V07A,19.9,18.4,21.4,
C04A,V07B,28.7,26.9,30.5,
C04A,V07C,51.4,49.5,53.4,
C04A,V08A,77.1,75.4,78.9,
C04A,V09A,91.1,90.1,92.1,
C04A,V10A,69.2,66.7,71.6,
C04A,V11A,75.9,73.9,77.8,
C04A,V12A,14.5,13.2,15.9,
C04A,V13A,59.5,57.6,61.4,
C04A,V14A,75.5,73.9,77.1,
C04A,V15A,77,74.9,79,
C04A,V16A,77.5,75.9,79,
C04A,V17A,63.7,62.1,65.4,
C04A,V17B,20.1,18.7,21.6,
C04A,V17C,9.8,8.7,11,
C04A,V17D,6.3,5.3,7.3,
C04A,V18A,8.4,7.3,9.5,
C04A,V18B,23.5,22,25,
C04A,V18C,52.7,50.8,54.5,
C04A,V18D,15.5,14.1,16.9,
C04A,V19A,87.1,86,88.3,
C04A,V20A,82.7,81.5,84,
C04A,V21A,88.2,87,89.4,
C04A,V22A,54.5,52.3,56.6,
C04A,V23A,81.6,80.1,83.1,
C04A,V24A,83.5,81.9,85,
C04A,V25A,88,86.5,89.4,
C04B,V00T,51.3,,,B
C04B,V01A,15.8,14.5,17.2,
C04B,V01B,17.3,16.1,18.6,
C04B,V01C,31.8,30.1,33.5,
C04B,V01D,16.1,14.5,17.8,
C04B,V01E,18.9,17.5,20.3,
C04B,V02A,11.1,10.1,12.2,
C04B,V02B,13.9,12.7,15.1,
C04B,V02C,29.9,28.2,31.6,
C04B,V02D,18.7,17.3,20.2,
C04B,V02E,26.4,24.9,27.9,
C04B,V03A,11.7,10.4,12.9,
C04B,V03B,24.5,22.8,26.2,
C04B,V03C,46.3,44.6,48,
C04B,V03D,17.6,16,19.1,
C04B,V04A,19.1,17.5,20.7,
C04B,V04B,39.6,37.9,41.3,
C04B,V04C,26.3,24.7,28,
C04B,V04D,15,13.8,16.2,
C04B,V05A,35.8,33.8,37.8,
C04B,V05B,56.8,54.7,58.8,
C04B,V05C,7.5,6.4,8.5,
C04B,V06A,68.2,66.5,70,
C04B,V06B,26.2,24.3,28,
C04B,V06C,5.6,4.9,6.3,
C04B,V07A,21.5,19.9,23,
C04B,V07B,26.4,24.7,28.2,
C04B,V07C,52.1,50.2,54,
C04B,V08A,43.6,41.2,45.9,
C04B,V09A,79.8,78.2,81.3,
C04B,V10A,35.5,32.7,38.4,
C04B,V11A,73.7,71.8,75.6,
C04B,V12A,19.3,17.7,20.8,
C04B,V13A,69.5,67.8,71.2,
C04B,V14A,86.4,85,87.8,
C04B,V15A,76.8,75.1,78.5,
C04B,V16A,83.1,81.6,84.6,
C04B,V17A,57,55.2,58.8,
C04B,V17B,25.5,23.9,27.1,
C04B,V17C,11.3,10.2,12.3,
C04B,V17D,6.3,5.3,7.3,
C04B,V18A,8.6,7.6,9.7,
C04B,V18B,23.7,22.1,25.4,
C04B,V18C,52.3,50.4,54.2,
C04B,V18D,15.3,14,16.7,
C04B,V19A,87.7,86.4,88.9,
C04B,V20A,85.7,84.3,87.1,
C04B,V21A,89.2,88,90.3,
C04B,V22A,52.1,50.2,53.9,
C04B,V23A,83.3,82,84.6,
C04B,V24A,84,82.5,85.4,
C04B,V25A,86.2,84.8,87.5,
C05A,V00T,67.6,66.6,68.6,
C05A,V01A,15.7,14.7,16.7,
C05A,V01B,18.9,17.7,20,
C05A,V01C,33.3,31.8,34.7,
C05A,V01D,16.4,15.2,17.7,
C05A,V01E,15.7,14.5,16.9,
C05A,V02A,10.9,9.8,11.9,
C05A,V02B,16,14.7,17.4,
C05A,V02C,31.5,29.9,33,
C05A,V02D,18.5,17.1,20,
C05A,V02E,23.1,21.9,24.2,
C05A,V03A,6.9,6,7.9,
C05A,V03B,22.3,20.7,23.9,
C05A,V03C,49,47.4,50.7,
C05A,V03D,21.8,20.3,23.3,
C05A,V04A,20.2,18.8,21.6,
C05A,V04B,41.8,40.2,43.4,
C05A,V04C,27.4,26.1,28.7,
C05A,V04D,10.6,9.6,11.5,
C05A,V05A,33.7,31.6,35.8,
C05A,V05B,59.6,57.6,61.6,
C05A,V05C,6.7,5.9,7.5,
C05A,V06A,67.8,66.1,69.6,
C05A,V06B,27.3,25.6,29,
C05A,V06C,4.8,4.1,5.5,
C05A,V07A,20.1,18.7,21.5,
C05A,V07B,28.8,27.3,30.2,
C05A,V07C,51.2,49.5,52.8,
C05A,V08A,63.4,61.7,65,
C05A,V09A,86.7,85.7,87.7,
C05A,V10A,53.4,51,55.7,
C05A,V11A,76.5,75.1,77.9,
C05A,V12A,17.2,15.9,18.4,
C05A,V13A,64.3,62.7,66,
C05A,V14A,82.7,81.3,84.2,
C05A,V15A,77.3,75.5,79.1,
C05A,V16A,82.4,81,83.9,
C05A,V17A,62.7,61.1,64.3,
C05A,V17B,22.3,21,23.5,
C05A,V17C,9.8,8.8,10.8,
C05A,V17D,5.3,4.4,6.2,
C05A,V18A,7.6,6.5,8.7,
C05A,V18B,22.5,21.1,23.9,
C05A,V18C,54.9,53.1,56.8,
C05A,V18D,15,13.9,16.1,
C05A,V19A,87.6,86.6,88.7,
C05A,V20A,85.4,84.2,86.6,
C05A,V21A,89.5,88.4,90.6,
C05A,V22A,53.8,51.9,55.7,
C05A,V23A,84.1,82.9,85.2,
C05A,V24A,84.6,83.1,86,
C05A,V25A,87.7,86.5,88.9,
C05B,V00T,3.5,2.9,4.1,
C05B,V01A,23.6,16.8,30.5,
C05B,V01B,30.3,22.2,38.3,
C05B,V01C,24.2,15.8,32.7,*
C05B,V01D,8.7,4.3,13.1,**
C05B,V01E,13.2,7.6,18.8,*
C05B,V02A,21.2,14.6,27.9,*
C05B,V02B,18.1,12.2,24,*
C05B,V02C,30,22.9,37.1,
C05B,V02D,10,5.4,14.5,*
C05B,V02E,20.6,13.6,27.6,*
C05B,V03A,32.3,24.6,39.9,
C05B,V03B,37.1,29.7,44.6,
C05B,V03C,23.8,17.2,30.3,
C05B,V03D,6.8,2.6,11.1,**
C05B,V04A,22.8,15.7,29.9,*
C05B,V04B,32.1,24.2,39.9,
C05B,V04C,27.9,20.8,35.1,
C05B,V04D,17.2,10.2,24.2,*
C05B,V05A,30.5,23,38.1,
C05B,V05B,61.3,52.6,70.1,
C05B,V05C,8.2,4.7,11.6,*
C05B,V06A,56.3,47,65.5,
C05B,V06B,30.4,22.5,38.3,
C05B,V06C,13.4,8.2,18.6,*
C05B,V07A,35.9,27.4,44.4,
C05B,V07B,22.6,15.2,29.9,*
C05B,V07C,41.5,34.2,48.9,
C05B,V08A,54.2,46.4,61.9,
C05B,V09A,78.3,72.3,84.2,
C05B,V10A,52.5,42.2,62.8,
C05B,V11A,72.7,65,80.3,
C05B,V12A,27.4,20.7,34,
C05B,V13A,59.3,49.4,69.2,
C05B,V14A,76.2,70,82.3,
C05B,V15A,71.2,64.4,77.9,
C05B,V16A,82.4,77.2,87.6,
C05B,V17A,45.5,37.5,53.5,
C05B,V17B,28.1,20.2,36,
C05B,V17C,17.6,13.2,22.1,
C05B,V17D,8.8,4.4,13.1,*
C05B,V18A,14.6,9.6,19.7,*
C05B,V18B,29.8,23.4,36.1,
C05B,V18C,42,35.3,48.7,
C05B,V18D,13.6,8.7,18.5,*
C05B,V19A,85.4,79.8,91,
C05B,V20A,79.4,73,85.8,
C05B,V21A,86.9,81.8,92,
C05B,V22A,60.1,52.6,67.5,
C05B,V23A,83.8,78.4,89.1,
C05B,V24A,81.8,76.3,87.3,
C05B,V25A,79.1,73.4,84.9,
C05C,V00T,28.9,28,29.8,
C05C,V01A,19.7,17.9,21.4,
C05C,V01B,14.6,13,16.2,
C05C,V01C,26.7,24.4,29,
C05C,V01D,15.3,13.5,17.1,
C05C,V01E,23.8,21.8,25.8,
C05C,V02A,15.4,13.5,17.2,
C05C,V02B,15.5,13.7,17.2,
C05C,V02C,25.5,23.5,27.6,
C05C,V02D,16.2,14.7,17.7,
C05C,V02E,27.4,25.2,29.6,
C05C,V03A,18,15.8,20.2,
C05C,V03B,27.4,25.1,29.6,
C05C,V03C,43,40.4,45.5,
C05C,V03D,11.7,10.3,13,
C05C,V04A,16.4,14.1,18.6,
C05C,V04B,32.9,30.6,35.1,
C05C,V04C,27.7,25.6,29.8,
C05C,V04D,23.1,21.2,25,
C05C,V05A,40.9,38.4,43.3,
C05C,V05B,52.7,50.5,55,
C05C,V05C,6.4,5.3,7.6,
C05C,V06A,71.3,69,73.5,
C05C,V06B,23.2,21.1,25.3,
C05C,V06C,5.5,4.3,6.7,
C05C,V07A,20.3,18.2,22.5,
C05C,V07B,25.3,23.1,27.4,
C05C,V07C,54.4,51.8,57,
C05C,V08A,54.2,51.4,57.1,
C05C,V09A,82.7,80.9,84.5,
C05C,V10A,48.8,45.1,52.6,
C05C,V11A,69.2,66.6,71.7,
C05C,V12A,15.2,13.4,16.9,
C05C,V13A,66,63.8,68.2,
C05C,V14A,77.9,75.7,80.1,
C05C,V15A,76.5,74.6,78.4,
C05C,V16A,75.3,73.3,77.3,
C05C,V17A,56.4,54.3,58.6,
C05C,V17B,23.7,21.8,25.6,
C05C,V17C,11.6,10.1,13,
C05C,V17D,8.3,7.1,9.5,
C05C,V18A,9.9,8.4,11.5,
C05C,V18B,25.4,23.3,27.5,
C05C,V18C,48,46,50.1,
C05C,V18D,16.6,14.8,18.4,
C05C,V19A,87.1,85.6,88.6,
C05C,V20A,82.2,80.4,84,
C05C,V21A,87,85.4,88.6,
C05C,V22A,51,48.6,53.5,
C05C,V23A,78.5,76.5,80.5,
C05C,V24A,81.9,80.1,83.7,
C05C,V25A,86.4,84.8,88,
C06A,V00T,16.7,15.7,17.7,
C06A,V01A,23.4,20.8,26,
C06A,V01B,12.1,10.1,14,
C06A,V01C,26,22.6,29.4,
C06A,V01D,13.2,10.7,15.7,
C06A,V01E,25.4,22.7,28,
C06A,V02A,19.5,16.8,22.1,
C06A,V02B,12.6,10.6,14.7,
C06A,V02C,24.1,21.4,26.9,
C06A,V02D,15.1,12.5,17.7,
C06A,V02E,28.6,25.5,31.7,
C06A,V03A,20.6,18,23.2,
C06A,V03B,26.9,23.9,29.8,
C06A,V03C,41.9,38.8,45,
C06A,V03D,10.6,8.7,12.6,
C06A,V04A,12.8,10.3,15.3,
C06A,V04B,29.3,26.6,32,
C06A,V04C,31.8,28.7,34.9,
C06A,V04D,26,23.1,29,
C06A,V05A,37.1,33.7,40.5,
C06A,V05B,51.7,48,55.5,
C06A,V05C,11.1,8.8,13.4,
C06A,V06A,67.4,63.7,71.1,
C06A,V06B,24.5,21.2,27.7,
C06A,V06C,8.1,6,10.2,
C06A,V07A,23.2,20.4,25.9,
C06A,V07B,25.3,22.3,28.2,
C06A,V07C,51.6,48.5,54.6,
C06A,V08A,55.3,50.9,59.6,
C06A,V09A,80.9,78.1,83.6,
C06A,V10A,43.1,37.1,49,
C06A,V11A,63.2,58.9,67.5,
C06A,V12A,13.2,10.5,16,
C06A,V13A,67,63.9,70.2,
C06A,V14A,76.7,73.9,79.5,
C06A,V15A,73.5,70.8,76.2,
C06A,V16A,71.7,69.1,74.3,
C06A,V17A,62,58.9,65.2,
C06A,V17B,18.2,15.7,20.8,
C06A,V17C,11.5,9.6,13.5,
C06A,V17D,8.2,6,10.4,
C06A,V18A,13,10.6,15.4,
C06A,V18B,30.8,27.9,33.7,
C06A,V18C,41.5,38.2,44.7,
C06A,V18D,14.7,12.4,17,
C06A,V19A,84.8,82.6,87,
C06A,V20A,80.9,78.2,83.6,
C06A,V21A,84.4,81.9,86.8,
C06A,V22A,51.8,48.4,55.3,
C06A,V23A,75.2,72.5,78,
C06A,V24A,82.3,79.7,84.9,
C06A,V25A,87.5,84.9,90.1,
C06B,V00T,45.5,44.1,46.9,
C06B,V01A,17.9,16.5,19.3,
C06B,V01B,18.2,16.7,19.7,
C06B,V01C,31,29.3,32.8,
C06B,V01D,14.9,13.4,16.4,
C06B,V01E,18,16.4,19.5,
C06B,V02A,12.9,11.6,14.2,
C06B,V02B,16.9,15.2,18.6,
C06B,V02C,30.3,28.4,32.3,
C06B,V02D,16.7,15.2,18.2,
C06B,V02E,23.2,21.5,24.9,
C06B,V03A,11.6,10.2,12.9,
C06B,V03B,26.7,24.9,28.6,
C06B,V03C,47.3,45.2,49.5,
C06B,V03D,14.4,12.9,15.9,
C06B,V04A,19,17.4,20.5,
C06B,V04B,38.2,36.3,40.1,
C06B,V04C,28.7,27.1,30.3,
C06B,V04D,14.2,12.9,15.4,
C06B,V05A,34.5,32.2,36.9,
C06B,V05B,59.9,57.6,62.2,
C06B,V05C,5.6,4.7,6.4,
C06B,V06A,66.7,64.5,68.9,
C06B,V06B,27.6,25.4,29.9,
C06B,V06C,5.7,4.8,6.5,
C06B,V07A,20.7,19,22.5,
C06B,V07B,28.7,26.8,30.6,
C06B,V07C,50.6,48.4,52.7,
C06B,V08A,59,56.7,61.3,
C06B,V09A,86.6,85.3,88,
C06B,V10A,50.7,47.6,53.9,
C06B,V11A,72.9,71,74.8,
C06B,V12A,16.6,15.1,18,
C06B,V13A,65.4,63.6,67.3,
C06B,V14A,79.2,77.6,80.7,
C06B,V15A,78.8,76.8,80.7,
C06B,V16A,81.7,80,83.4,
C06B,V17A,60.2,58.3,62.1,
C06B,V17B,23.1,21.4,24.8,
C06B,V17C,10.2,9,11.4,
C06B,V17D,6.5,5.5,7.5,
C06B,V18A,9.2,8.2,10.3,
C06B,V18B,26.4,24.7,28.1,
C06B,V18C,50.6,48.5,52.7,
C06B,V18D,13.7,12.2,15.2,
C06B,V19A,87,85.7,88.3,
C06B,V20A,83.8,82.6,85.1,
C06B,V21A,88,86.8,89.3,
C06B,V22A,54.5,52.4,56.6,
C06B,V23A,81.9,80.3,83.6,
C06B,V24A,84.1,82.7,85.5,
C06B,V25A,87.4,85.9,88.8,
C06C,V00T,12.8,11.9,13.6,
C06C,V01A,15,11.9,18,
C06C,V01B,20.2,17.2,23.1,
C06C,V01C,29.7,26.7,32.7,
C06C,V01D,19,16.1,22,
C06C,V01E,16.1,13.8,18.5,
C06C,V02A,8.9,6.6,11.2,
C06C,V02B,16.1,13.7,18.6,
C06C,V02C,30.1,27.2,33,
C06C,V02D,19.6,16.7,22.4,
C06C,V02E,25.4,22.6,28.1,
C06C,V03A,7.9,5.8,10,
C06C,V03B,21.9,18.8,25,
C06C,V03C,48.8,44.9,52.8,
C06C,V03D,21.4,18.2,24.5,
C06C,V04A,19.4,16.2,22.7,
C06C,V04B,43.2,39.6,46.9,
C06C,V04C,26.3,23.6,29,
C06C,V04D,11,9.1,13,
C06C,V05A,36.3,32.3,40.3,
C06C,V05B,56.4,52.4,60.4,
C06C,V05C,7.3,5.5,9.2,
C06C,V06A,72.3,69.1,75.5,
C06C,V06B,23.7,20.6,26.8,
C06C,V06C,4,2.6,5.5,*
C06C,V07A,19.2,16.4,22,
C06C,V07B,25.6,22.6,28.6,
C06C,V07C,55.2,51.9,58.6,
C06C,V08A,61,57,65,
C06C,V09A,83.3,80.8,85.7,
C06C,V10A,51.4,46.4,56.5,
C06C,V11A,74.9,71.5,78.4,
C06C,V12A,14.9,12.2,17.6,
C06C,V13A,66.4,62.8,70,
C06C,V14A,85.3,82.8,87.7,
C06C,V15A,76.6,73.7,79.5,
C06C,V16A,81.1,78.2,84,
C06C,V17A,65.7,62.2,69.3,
C06C,V17B,19.4,16.7,22.2,
C06C,V17C,10.1,7.8,12.3,
C06C,V17D,4.8,3.2,6.3,*
C06C,V18A,7.1,5.3,8.9,
C06C,V18B,19.8,16.6,23,
C06C,V18C,58.3,54.7,62,
C06C,V18D,14.8,12.2,17.3,
C06C,V19A,88,85.8,90.2,
C06C,V20A,85.5,83,88.1,
C06C,V21A,89.7,87.7,91.8,
C06C,V22A,50.4,46.8,54.1,
C06C,V23A,83.1,80.1,86,
C06C,V24A,83.8,81.2,86.4,
C06C,V25A,88.8,86.9,90.6,
C06D,V00T,25,23.9,26.1,
C06D,V01A,12.5,10.8,14.1,
C06D,V01B,21.1,18.8,23.4,
C06D,V01C,35.6,32.8,38.3,
C06D,V01D,17.8,15.7,19.9,
C06D,V01E,13.1,11.1,15.1,
C06D,V02A,9,7.6,10.3,
C06D,V02B,16.9,14.6,19.3,
C06D,V02C,31.9,29.3,34.6,
C06D,V02D,19.8,17.5,22,
C06D,V02E,22.4,20.2,24.7,
C06D,V03A,5.1,3.8,6.4,
C06D,V03B,19,16.8,21.1,
C06D,V03C,46.7,44.1,49.3,
C06D,V03D,29.2,26.6,31.8,
C06D,V04A,24.1,21.6,26.6,
C06D,V04B,44.6,42,47.2,
C06D,V04C,22.8,20.6,24.9,
C06D,V04D,8.5,7.1,9.9,
C06D,V05A,36.4,33.3,39.4,
C06D,V05B,58.2,55.1,61.3,
C06D,V05C,5.4,4.3,6.5,
C06D,V06A,70.8,68.1,73.5,
C06D,V06B,25.8,23.3,28.4,
C06D,V06C,3.3,2.3,4.3,
C06D,V07A,19.3,17.2,21.5,
C06D,V07B,27.9,25.7,30.1,
C06D,V07C,52.8,50.4,55.2,
C06D,V08A,66.6,63.9,69.3,
C06D,V09A,87,85.2,88.9,
C06D,V10A,58.4,55.1,61.8,
C06D,V11A,82.6,80.7,84.5,
C06D,V12A,21,18.8,23.2,
C06D,V13A,60.7,57.8,63.6,
C06D,V14A,85.2,82.9,87.5,
C06D,V15A,75.5,72.9,78,
C06D,V16A,83.2,81,85.4,
C06D,V17A,56.4,53.7,59.1,
C06D,V17B,27.6,25.3,30,
C06D,V17C,10.8,9.2,12.4,
C06D,V17D,5.2,4.1,6.3,
C06D,V18A,4.9,3.7,6.1,
C06D,V18B,15.7,13.7,17.8,
C06D,V18C,60.8,58,63.6,
C06D,V18D,18.6,16.2,21,
C06D,V19A,89.6,88,91.2,
C06D,V20A,86.9,85.1,88.7,
C06D,V21A,92.1,90.9,93.3,
C06D,V22A,53.4,50.6,56.1,
C06D,V23A,88,86,89.9,
C06D,V24A,83.7,81.5,85.9,
C06D,V25A,85.3,83.4,87.3,
C07A,V00T,11.2,10.6,11.9,
C07A,V01A,25.3,23,27.7,
C07A,V01B,17.7,15.2,20.2,
C07A,V01C,24.5,21.9,27,
C07A,V01D,11.6,9.6,13.6,
C07A,V01E,20.8,18.2,23.5,
C07A,V02A,20.2,17.9,22.4,
C07A,V02B,14.4,12.4,16.5,
C07A,V02C,22.9,20.3,25.5,
C07A,V02D,14.7,12.7,16.7,
C07A,V02E,27.9,25.1,30.6,
C07A,V03A,22.2,19.4,24.9,
C07A,V03B,36.2,33.1,39.3,
C07A,V03C,36.8,33.9,39.7,
C07A,V03D,4.8,3.6,6,
C07A,V04A,12.4,10.4,14.4,
C07A,V04B,31.1,28.1,34,
C07A,V04C,29.4,26.8,32.1,
C07A,V04D,27.1,24.4,29.9,
C07A,V05A,36.6,33.5,39.7,
C07A,V05B,55.8,52.8,58.9,
C07A,V05C,7.6,6,9.2,
C07A,V06A,65,61.9,68.1,
C07A,V06B,27,24.2,29.8,
C07A,V06C,8,6.4,9.7,
C07A,V07A,28.4,25.7,31.1,
C07A,V07B,26.5,23.8,29.1,
C07A,V07C,45.1,42.2,48.1,
C07A,V08A,49.8,46.2,53.5,
C07A,V09A,78.6,76,81.2,
C07A,V10A,46.4,41.4,51.5,
C07A,V11A,65,61.5,68.4,
C07A,V12A,17.5,15,20,
C07A,V13A,65.2,62.4,68.1,
C07A,V14A,77.7,75.2,80.3,
C07A,V15A,76,73.2,78.8,
C07A,V16A,74.9,72.6,77.3,
C07A,V17A,49.1,46.1,52,
C07A,V17B,25.8,23.3,28.3,
C07A,V17C,15.2,12.9,17.5,
C07A,V17D,9.9,8.1,11.8,
C07A,V18A,13.5,11.5,15.5,
C07A,V18B,26.8,24.4,29.3,
C07A,V18C,43.2,40.4,46.1,
C07A,V18D,16.4,14.3,18.6,
C07A,V19A,85,82.9,87.1,
C07A,V20A,80.8,78.2,83.5,
C07A,V21A,85.9,83.7,88,
C07A,V22A,49.5,46.6,52.4,
C07A,V23A,77.2,74.6,79.8,
C07A,V24A,80.5,78.2,82.9,
C07A,V25A,83.7,81.6,85.9,
C07B,V00T,25.8,24.7,27,
C07B,V01A,21.7,19.8,23.5,
C07B,V01B,17.6,15.7,19.4,
C07B,V01C,26.1,24.1,28.2,
C07B,V01D,13.9,12.1,15.6,
C07B,V01E,20.8,18.8,22.8,
C07B,V02A,14.9,13.3,16.5,
C07B,V02B,16.5,14.6,18.4,
C07B,V02C,28,25.8,30.2,
C07B,V02D,15.3,13.7,16.9,
C07B,V02E,25.3,23.3,27.2,
C07B,V03A,15.6,13.8,17.4,
C07B,V03B,31.1,29,33.1,
C07B,V03C,43.5,41.1,45.8,
C07B,V03D,9.9,8.7,11.2,
C07B,V04A,16.8,14.9,18.7,
C07B,V04B,35.4,33.2,37.7,
C07B,V04C,30.8,28.6,33,
C07B,V04D,16.9,15.2,18.7,
C07B,V05A,35.8,33.5,38.1,
C07B,V05B,57,54.4,59.6,
C07B,V05C,7.2,5.8,8.6,
C07B,V06A,67.8,65.6,70,
C07B,V06B,25.3,23.5,27.1,
C07B,V06C,6.9,5.5,8.3,
C07B,V07A,23.3,21.4,25.3,
C07B,V07B,27,24.9,29,
C07B,V07C,49.7,47.7,51.6,
C07B,V08A,58.2,55.6,60.8,
C07B,V09A,83.4,81.4,85.3,
C07B,V10A,52.1,48.5,55.7,
C07B,V11A,68.5,66,71,
C07B,V12A,16.7,15.1,18.4,
C07B,V13A,66.8,64.4,69.1,
C07B,V14A,82.3,80.4,84.2,
C07B,V15A,75.3,73.6,77,
C07B,V16A,77.4,75.4,79.3,
C07B,V17A,59.2,56.9,61.5,
C07B,V17B,23,21.2,24.8,
C07B,V17C,11.6,10.3,13,
C07B,V17D,6.1,5,7.2,
C07B,V18A,9.1,8,10.3,
C07B,V18B,27.5,25.3,29.6,
C07B,V18C,48.2,45.8,50.6,
C07B,V18D,15.2,13.5,16.9,
C07B,V19A,84.8,83.1,86.5,
C07B,V20A,80.1,78.3,81.9,
C07B,V21A,85.2,83.5,86.8,
C07B,V22A,51.6,49.1,54,
C07B,V23A,78.7,76.9,80.6,
C07B,V24A,81.7,79.7,83.7,
C07B,V25A,85.5,83.8,87.2,
C07C,V00T,20.3,19.3,21.4,
C07C,V01A,17.1,15.1,19.1,
C07C,V01B,17.8,15.9,19.8,
C07C,V01C,31.1,28.6,33.5,
C07C,V01D,16.2,14.1,18.4,
C07C,V01E,17.7,15.5,20,
C07C,V02A,13.3,11.4,15.2,
C07C,V02B,14.4,12.2,16.6,
C07C,V02C,31,28.5,33.6,
C07C,V02D,17.9,16,19.9,
C07C,V02E,23.3,21,25.7,
C07C,V03A,9.5,7.6,11.5,
C07C,V03B,26.2,23.3,29,
C07C,V03C,48.7,46,51.5,
C07C,V03D,15.6,13.5,17.6,
C07C,V04A,19.4,17.1,21.6,
C07C,V04B,39.3,36.8,41.9,
C07C,V04C,26.9,24.3,29.5,
C07C,V04D,14.4,12.4,16.4,
C07C,V05A,34.4,31.6,37.2,
C07C,V05B,59.2,56.2,62.1,
C07C,V05C,6.4,5,7.9,
C07C,V06A,66,63.1,68.9,
C07C,V06B,29.1,26.3,32,
C07C,V06C,4.9,3.7,6.1,
C07C,V07A,19.9,17.4,22.3,
C07C,V07B,29.2,26.8,31.7,
C07C,V07C,50.9,47.8,54.1,
C07C,V08A,59.7,56.6,62.8,
C07C,V09A,86.7,84.9,88.5,
C07C,V10A,50.9,46.6,55.1,
C07C,V11A,75.4,73,77.9,
C07C,V12A,17.6,15.5,19.7,
C07C,V13A,65.3,62.7,68,
C07C,V14A,81,78.9,83,
C07C,V15A,78.3,76,80.6,
C07C,V16A,80.6,78.7,82.6,
C07C,V17A,59.6,56.8,62.4,
C07C,V17B,22.4,20.2,24.6,
C07C,V17C,11.8,9.9,13.6,
C07C,V17D,6.2,5,7.5,
C07C,V18A,8.1,6.3,9.8,
C07C,V18B,23.7,21.3,26.1,
C07C,V18C,54,50.8,57.1,
C07C,V18D,14.2,12.1,16.4,
C07C,V19A,87.5,85.6,89.4,
C07C,V20A,85,82.8,87.2,
C07C,V21A,89,87.1,90.9,
C07C,V22A,54.8,52,57.5,
C07C,V23A,82.7,80.4,85,
C07C,V24A,84,81.9,86.1,
C07C,V25A,87.8,85.8,89.8,
C07D,V00T,42.6,41.4,43.8,
C07D,V01A,12.3,10.6,13.9,
C07D,V01B,18.5,16.7,20.3,
C07D,V01C,35.7,33.7,37.8,
C07D,V01D,17.9,16,19.8,
C07D,V01E,15.6,13.9,17.3,
C07D,V02A,8.7,7.4,10,
C07D,V02B,16.8,14.9,18.7,
C07D,V02C,31.9,29.8,34.1,
C07D,V02D,19.5,17.4,21.7,
C07D,V02E,23.1,21.4,24.8,
C07D,V03A,5.8,4.2,7.5,
C07D,V03B,16,13.9,18.1,
C07D,V03C,49.8,47.4,52.2,
C07D,V03D,28.4,26.2,30.6,
C07D,V04A,22.4,20.4,24.3,
C07D,V04B,42.8,40.5,45.2,
C07D,V04C,25.3,23.4,27.1,
C07D,V04D,9.6,8.2,11,
C07D,V05A,35.9,33.3,38.5,
C07D,V05B,57.9,55.2,60.5,
C07D,V05C,6.2,5,7.5,
C07D,V06A,70.9,68.5,73.3,
C07D,V06B,25.2,22.9,27.6,
C07D,V06C,3.9,2.9,4.9,
C07D,V07A,17.4,15.6,19.2,
C07D,V07B,27.4,25.1,29.6,
C07D,V07C,55.2,52.7,57.7,
C07D,V08A,64.9,62.5,67.3,
C07D,V09A,87.5,86,89.1,
C07D,V10A,53.9,50.7,57,
C07D,V11A,79.3,77.2,81.5,
C07D,V12A,16.6,14.9,18.4,
C07D,V13A,62.9,60.6,65.1,
C07D,V14A,81.3,79.2,83.4,
C07D,V15A,77.4,75.2,79.5,
C07D,V16A,83.5,81.7,85.4,
C07D,V17A,64.2,61.9,66.5,
C07D,V17B,22.2,20.5,24,
C07D,V17C,8.1,6.8,9.5,
C07D,V17D,5.4,4.1,6.7,
C07D,V18A,7,5.6,8.4,
C07D,V18B,20.4,18.5,22.3,
C07D,V18C,56.8,54.6,58.9,
C07D,V18D,15.8,14.2,17.4,
C07D,V19A,89.6,88,91.1,
C07D,V20A,87.3,85.7,88.9,
C07D,V21A,91.4,90.1,92.8,
C07D,V22A,54.5,51.9,57,
C07D,V23A,86,84.3,87.7,
C07D,V24A,85.7,83.8,87.5,
C07D,V25A,88.5,86.6,90.3,
C08A,V00T,45.6,44.5,46.8,
C08A,V01A,20.4,18.8,21.9,
C08A,V01B,16.6,15.2,18.1,
C08A,V01C,28.6,26.7,30.5,
C08A,V01D,14.3,12.9,15.8,
C08A,V01E,20,18.4,21.7,
C08A,V02A,16.3,14.9,17.8,
C08A,V02B,14.9,13.3,16.4,
C08A,V02C,27.6,25.7,29.5,
C08A,V02D,16.2,14.7,17.7,
C08A,V02E,25,23.2,26.8,
C08A,V03A,17.9,16.3,19.5,
C08A,V03B,29.2,27.3,31,
C08A,V03C,42.8,41,44.7,
C08A,V03D,10.1,8.9,11.3,
C08A,V04A,17.2,15.4,19,
C08A,V04B,35.6,33.6,37.7,
C08A,V04C,27.5,25.8,29.2,
C08A,V04D,19.6,18.1,21.2,
C08A,V05A,36.4,34.1,38.6,
C08A,V05B,56.7,54.4,58.9,
C08A,V05C,7,5.9,8.1,
C08A,V06A,66.1,64,68.2,
C08A,V06B,27,24.9,29,
C08A,V06C,6.9,6,7.9,
C08A,V07A,23.3,21.6,25.1,
C08A,V07B,27.6,25.7,29.6,
C08A,V07C,49,46.9,51.2,
C08A,V08A,53.4,51.2,55.6,
C08A,V09A,81.5,79.8,83.3,
C08A,V10A,47.2,44,50.3,
C08A,V11A,71,68.7,73.3,
C08A,V12A,18.6,16.7,20.4,
C08A,V13A,64.5,62.5,66.5,
C08A,V14A,78,76.1,79.9,
C08A,V15A,77.3,75.4,79.1,
C08A,V16A,79.9,78.4,81.3,
C08A,V17A,55.2,53.3,57.1,
C08A,V17B,25.3,23.7,26.9,
C08A,V17C,12,10.9,13.2,
C08A,V17D,7.5,6.3,8.6,
C08A,V18A,10.4,9.1,11.7,
C08A,V18B,26.2,24.4,28,
C08A,V18C,48.2,46.2,50.1,
C08A,V18D,15.3,13.8,16.8,
C08A,V19A,86,84.7,87.2,
C08A,V20A,82.3,80.9,83.7,
C08A,V21A,86.8,85.5,88,
C08A,V22A,54,51.8,56.2,
C08A,V23A,80.3,78.8,81.9,
C08A,V24A,82,80.4,83.6,
C08A,V25A,84.4,82.7,86,
C08B,V00T,36.7,35.6,37.8,
C08B,V01A,16.7,15.1,18.3,
C08B,V01B,19.3,17.4,21.2,
C08B,V01C,32,30,34.1,
C08B,V01D,15.2,13.6,16.7,
C08B,V01E,16.8,15.2,18.4,
C08B,V02A,11.1,9.7,12.5,
C08B,V02B,17.1,15.4,18.9,
C08B,V02C,30.6,28.7,32.5,
C08B,V02D,18.1,16.3,19.9,
C08B,V02E,23.1,21.3,24.9,
C08B,V03A,6.6,5.5,7.7,
C08B,V03B,25.6,23.3,27.9,
C08B,V03C,49.2,46.9,51.5,
C08B,V03D,18.5,16.6,20.5,
C08B,V04A,20,18.3,21.7,
C08B,V04B,40.5,38.4,42.5,
C08B,V04C,28.4,26.5,30.3,
C08B,V04D,11.1,9.7,12.4,
C08B,V05A,35.3,33,37.6,
C08B,V05B,58.4,56.1,60.6,
C08B,V05C,6.4,5.2,7.6,
C08B,V06A,67.5,65.2,69.8,
C08B,V06B,27.7,25.6,29.9,
C08B,V06C,4.8,3.9,5.6,
C08B,V07A,21.1,19,23.2,
C08B,V07B,27.5,25.6,29.4,
C08B,V07C,51.4,49.1,53.6,
C08B,V08A,62.2,59.6,64.7,
C08B,V09A,86.8,85.5,88.1,
C08B,V10A,50.5,47.2,53.9,
C08B,V11A,75.4,73.6,77.2,
C08B,V12A,16.6,15.1,18.1,
C08B,V13A,65.1,62.7,67.5,
C08B,V14A,84,82.3,85.7,
C08B,V15A,77.1,75.1,79.2,
C08B,V16A,81.1,79.3,82.9,
C08B,V17A,62.2,60,64.3,
C08B,V17B,21.7,20,23.3,
C08B,V17C,10.4,9.1,11.8,
C08B,V17D,5.7,4.5,6.8,
C08B,V18A,8,6.8,9.2,
C08B,V18B,23.1,21.5,24.7,
C08B,V18C,54.1,51.9,56.2,
C08B,V18D,14.9,13.3,16.5,
C08B,V19A,87.4,86,88.9,
C08B,V20A,84.4,82.8,86,
C08B,V21A,89,87.6,90.3,
C08B,V22A,53.1,50.8,55.5,
C08B,V23A,82.6,80.9,84.3,
C08B,V24A,83.8,81.8,85.8,
C08B,V25A,88.1,86.6,89.6,
C08C,V00T,17.7,16.8,18.5,
C08C,V01A,9.7,7.9,11.5,
C08C,V01B,19,16.3,21.6,
C08C,V01C,35.3,32.2,38.4,
C08C,V01D,21,18.8,23.3,
C08C,V01E,15,12.7,17.3,
C08C,V02A,5.6,4.3,7,
C08C,V02B,16.4,14.2,18.5,
C08C,V02C,33.3,30.1,36.5,
C08C,V02D,20.1,17.2,23,
C08C,V02E,24.6,22.1,27.1,
C08C,V03A,2.4,1.6,3.2,*
C08C,V03B,8.8,6.8,10.8,
C08C,V03C,49.9,46.7,53,
C08C,V03D,38.9,35.8,42,
C08C,V04A,22.5,20.2,24.9,
C08C,V04B,44,41,47.1,
C08C,V04C,25.6,23,28.1,
C08C,V04D,7.9,6.1,9.7,
C08C,V05A,34.6,31.4,37.8,
C08C,V05B,58.8,55.4,62.2,
C08C,V05C,6.6,5.1,8,
C08C,V06A,76.4,73.5,79.2,
C08C,V06B,21.3,18.7,24,
C08C,V06C,2.3,1.3,3.2,*
C08C,V07A,12.9,10.8,15.1,
C08C,V07B,27.3,24.4,30.2,
C08C,V07C,59.8,56.6,63,
C08C,V08A,74.9,72.4,77.4,
C08C,V09A,91.7,90.1,93.2,
C08C,V10A,67.6,63.7,71.5,
C08C,V11A,81.2,78.7,83.8,
C08C,V12A,13.5,11.3,15.6,
C08C,V13A,64.1,60.8,67.4,
C08C,V14A,83,80.7,85.3,
C08C,V15A,75.4,72,78.7,
C08C,V16A,80.2,77.4,83,
C08C,V17A,69.4,66.6,72.2,
C08C,V17B,19.1,16.7,21.4,
C08C,V17C,7.1,5.6,8.7,
C08C,V17D,4.4,3.3,5.5,
C08C,V18A,4.8,3.4,6.1,
C08C,V18B,18.2,15.7,20.7,
C08C,V18C,60.3,57.2,63.3,
C08C,V18D,16.8,14.3,19.2,
C08C,V19A,91.1,89.4,92.7,
C08C,V20A,89,87.1,90.9,
C08C,V21A,93.1,91.8,94.4,
C08C,V22A,51.4,47.8,55,
C08C,V23A,87.8,85.9,89.7,
C08C,V24A,88,86.1,89.9,
C08C,V25A,91.6,89.8,93.4,
C09A,V00T,66.2,65,67.5,
C09A,V01A,14.2,13.1,15.4,
C09A,V01B,16.4,15.3,17.6,
C09A,V01C,32.8,31.3,34.3,
C09A,V01D,17.2,15.9,18.5,
C09A,V01E,19.4,18.3,20.5,
C09A,V02A,10,9.1,10.9,
C09A,V02B,15,13.7,16.3,
C09A,V02C,30.7,29,32.4,
C09A,V02D,18.9,17.6,20.2,
C09A,V02E,25.4,24,26.7,
C09A,V03A,7.4,6.4,8.3,
C09A,V03B,20.2,18.9,21.5,
C09A,V03C,50.5,48.9,52,
C09A,V03D,22,20.6,23.3,
C09A,V04A,19.4,17.9,20.8,
C09A,V04B,40,38.4,41.6,
C09A,V04C,27.6,26.3,29,
C09A,V04D,13,11.8,14.2,
C09A,V05A,36,34.2,37.8,
C09A,V05B,57.6,55.7,59.4,
C09A,V05C,6.5,5.7,7.2,
C09A,V06A,75.3,73.7,76.9,
C09A,V06B,22.2,20.6,23.8,
C09A,V06C,2.5,2,3,
C09A,V07A,13.7,12.5,14.9,
C09A,V07B,27,25.4,28.5,
C09A,V07C,59.3,57.7,61,
C09A,V08A,61.2,59.5,62.9,
C09A,V09A,86.4,85.4,87.4,
C09A,V10A,50.4,48.2,52.6,
C09A,V11A,74.8,73.3,76.4,
C09A,V12A,14.5,13.3,15.6,
C09A,V13A,66.6,65,68.2,
C09A,V14A,80.2,78.8,81.7,
C09A,V15A,76.8,75.3,78.3,
C09A,V16A,79.6,78.2,81,
C09A,V17A,64.6,63.2,66.1,
C09A,V17B,21.8,20.5,23.1,
C09A,V17C,8.3,7.5,9.2,
C09A,V17D,5.3,4.4,6.2,
C09A,V18A,6.9,5.8,7.9,
C09A,V18B,22.1,20.6,23.5,
C09A,V18C,55.7,54.1,57.4,
C09A,V18D,15.3,14.3,16.4,
C09A,V19A,87.9,86.9,88.8,
C09A,V20A,84.6,83.4,85.8,
C09A,V21A,88.8,87.7,89.8,
C09A,V22A,52.2,50.6,53.8,
C09A,V23A,82.1,80.9,83.3,
C09A,V24A,85.2,83.9,86.6,
C09A,V25A,88.8,87.6,90,
C09B,V00T,33.8,32.5,35,
C09B,V01A,22.9,21,24.7,
C09B,V01B,21.3,19.3,23.3,
C09B,V01C,27.7,25.3,30.1,
C09B,V01D,13,11.4,14.6,
C09B,V01E,15.2,13.2,17.2,
C09B,V02A,17.5,15.4,19.5,
C09B,V02B,17.9,16,19.7,
C09B,V02C,27.8,25.7,29.8,
C09B,V02D,15,13.2,16.8,
C09B,V02E,21.9,20,23.8,
C09B,V03A,17.9,16,19.8,
C09B,V03B,32.1,29.7,34.4,
C09B,V03C,38.7,36.4,40.9,
C09B,V03D,11.3,9.6,13.1,
C09B,V04A,18.9,16.9,20.9,
C09B,V04B,36.5,34.3,38.6,
C09B,V04C,27.4,25.6,29.1,
C09B,V04D,17.2,15.7,18.8,
C09B,V05A,35,32.3,37.6,
C09B,V05B,58,55.3,60.7,
C09B,V05C,7,5.9,8.2,
C09B,V06A,54.8,52.2,57.4,
C09B,V06B,34.3,31.9,36.7,
C09B,V06C,10.9,9.4,12.4,
C09B,V07A,34.9,32.5,37.2,
C09B,V07B,28.7,26.4,31.1,
C09B,V07C,36.4,34.2,38.6,
C09B,V08A,59.4,57,61.9,
C09B,V09A,83.1,81.5,84.7,
C09B,V10A,54.8,51.3,58.3,
C09B,V11A,74.7,72.7,76.7,
C09B,V12A,21.8,20,23.7,
C09B,V13A,60.8,58.5,63.1,
C09B,V14A,82.8,81.1,84.4,
C09B,V15A,77,74.8,79.3,
C09B,V16A,81.9,79.8,84,
C09B,V17A,51.6,49.4,53.9,
C09B,V17B,25.1,23,27.1,
C09B,V17C,15.1,13.5,16.6,
C09B,V17D,8.2,7,9.5,
C09B,V18A,11.8,10.3,13.3,
C09B,V18B,26.6,24.9,28.3,
C09B,V18C,46,43.7,48.4,
C09B,V18D,15.6,13.7,17.4,
C09B,V19A,86.5,84.9,88.2,
C09B,V20A,83.6,82,85.2,
C09B,V21A,88.6,87.2,90.1,
C09B,V22A,55.3,52.7,57.9,
C09B,V23A,83.3,81.8,84.8,
C09B,V24A,80.7,78.8,82.7,
C09B,V25A,83.5,81.5,85.6,
C10A,V00T,29.6,28.7,30.6,
C10A,V01A,12.2,10.9,13.4,
C10A,V01B,15.3,13.6,17,
C10A,V01C,29.8,27.8,31.7,
C10A,V01D,19.4,17.6,21.3,
C10A,V01E,23.4,21.4,25.3,
C10A,V02A,10.4,9.1,11.7,
C10A,V02B,13.4,11.7,15.1,
C10A,V02C,28.7,26.5,31,
C10A,V02D,18.9,17.3,20.5,
C10A,V02E,28.6,26.5,30.7,
C10A,V03A,5.8,4.7,6.9,
C10A,V03B,17.8,16.1,19.5,
C10A,V03C,49.8,47.7,51.9,
C10A,V03D,26.5,24.6,28.4,
C10A,V04A,17.3,15.6,19.1,
C10A,V04B,38.4,36.2,40.6,
C10A,V04C,29.6,27.8,31.4,
C10A,V04D,14.7,13,16.4,
C10A,V05A,40.7,38.4,43.1,
C10A,V05B,54.4,52,56.7,
C10A,V05C,4.9,3.9,5.8,
C10A,V06A,77.1,74.9,79.4,
C10A,V06B,19.6,17.5,21.8,
C10A,V06C,3.3,2.4,4.1,
C10A,V07A,15.6,13.8,17.4,
C10A,V07B,24.7,22.5,26.8,
C10A,V07C,59.7,57.6,61.9,
C10A,V08A,61.6,59.5,63.8,
C10A,V09A,83.8,82.3,85.4,
C10A,V10A,52.4,49.2,55.6,
C10A,V11A,73.9,71.7,76.1,
C10A,V12A,12,10.6,13.5,
C10A,V13A,68,65.8,70.3,
C10A,V14A,85.4,83.8,87,
C10A,V15A,74,72.2,75.8,
C10A,V16A,76.1,74.2,77.9,
C10A,V17A,67.8,65.9,69.6,
C10A,V17B,18.7,17.1,20.3,
C10A,V17C,7.9,6.8,9.1,
C10A,V17D,5.6,4.5,6.6,
C10A,V18A,6.2,5.1,7.3,
C10A,V18B,20.4,18.4,22.3,
C10A,V18C,55.3,52.9,57.6,
C10A,V18D,18.1,16.3,20,
C10A,V19A,88,86.7,89.4,
C10A,V20A,83.7,82.1,85.3,
C10A,V21A,87.9,86.5,89.2,
C10A,V22A,51.5,49.2,53.8,
C10A,V23A,80.3,78.6,82,
C10A,V24A,84.9,83.4,86.5,
C10A,V25A,90.8,89.6,92.1,
C10B,V00T,41.3,40.1,42.6,
C10B,V01A,15.3,13.6,16.9,
C10B,V01B,18.2,16.6,19.7,
C10B,V01C,34.6,32.5,36.8,
C10B,V01D,16.2,14.4,18.1,
C10B,V01E,15.7,14.1,17.4,
C10B,V02A,10.7,9.4,12,
C10B,V02B,16.9,15.1,18.6,
C10B,V02C,31.5,29.3,33.8,
C10B,V02D,17.9,16.2,19.6,
C10B,V02E,23,21.2,24.7,
C10B,V03A,10.7,9.2,12.3,
C10B,V03B,24.8,22.7,26.9,
C10B,V03C,47.7,45.4,50,
C10B,V03D,16.8,14.7,18.8,
C10B,V04A,21.4,19.4,23.4,
C10B,V04B,41,38.6,43.4,
C10B,V04C,26.4,24.4,28.5,
C10B,V04D,11.2,10,12.5,
C10B,V05A,32.5,29.9,35,
C10B,V05B,60.9,58.2,63.5,
C10B,V05C,6.7,5.7,7.7,
C10B,V06A,64.8,62.5,67,
C10B,V06B,29.9,27.6,32.2,
C10B,V06C,5.3,4.2,6.4,
C10B,V07A,20,18.3,21.7,
C10B,V07B,29,26.8,31.1,
C10B,V07C,51,48.6,53.5,
C10B,V08A,63.1,60.6,65.5,
C10B,V09A,87.1,85.6,88.5,
C10B,V10A,52.3,49,55.6,
C10B,V11A,77,75.1,78.9,
C10B,V12A,17.1,15.6,18.7,
C10B,V13A,64.1,62.2,66.1,
C10B,V14A,78.5,76.7,80.3,
C10B,V15A,77.9,75.9,80,
C10B,V16A,82.4,80.5,84.2,
C10B,V17A,64,61.7,66.3,
C10B,V17B,22,20.3,23.7,
C10B,V17C,8.7,7.4,10.1,
C10B,V17D,5.3,4.3,6.3,
C10B,V18A,8.2,6.9,9.5,
C10B,V18B,23.5,21.8,25.2,
C10B,V18C,54.1,51.6,56.5,
C10B,V18D,14.3,12.7,15.9,
C10B,V19A,88.5,87.2,89.7,
C10B,V20A,84.6,83.1,86.1,
C10B,V21A,90.6,89.3,91.8,
C10B,V22A,53.2,50.9,55.6,
C10B,V23A,84.9,83.2,86.6,
C10B,V24A,84.1,82.3,86,
C10B,V25A,86.1,84.5,87.7,
C10C,V00T,9.4,8.8,10.1,
C10C,V01A,28,24.1,31.9,
C10C,V01B,19.2,15.6,22.8,
C10C,V01C,27.6,23.5,31.8,
C10C,V01D,11.7,7.2,16.1,*
C10C,V01E,13.5,10.5,16.4,
C10C,V02A,17,14.1,20,
C10C,V02B,14.4,11.4,17.3,
C10C,V02C,31.2,27.4,35,
C10C,V02D,16.1,11.6,20.5,
C10C,V02E,21.3,17.9,24.7,
C10C,V03A,25.5,21.5,29.5,
C10C,V03B,34.3,29.5,39.2,
C10C,V03C,30.7,26.9,34.5,
C10C,V03D,9.4,6.3,12.5,*
C10C,V04A,20.5,17,24.1,
C10C,V04B,33.6,29.3,37.9,
C10C,V04C,26.7,23.2,30.2,
C10C,V04D,19.1,15,23.3,
C10C,V05A,27.8,23.8,31.8,
C10C,V05B,61,56.2,65.7,
C10C,V05C,11.2,7.7,14.8,*
C10C,V06A,55.4,50.4,60.4,
C10C,V06B,33.7,28.8,38.5,
C10C,V06C,10.9,8.3,13.6,
C10C,V07A,32.6,28,37.3,
C10C,V07B,27.7,24,31.3,
C10C,V07C,39.7,35.5,43.9,
C10C,V08A,49.1,45,53.3,
C10C,V09A,81.6,78.5,84.7,
C10C,V10A,44.5,39.1,49.8,
C10C,V11A,66.5,61.4,71.6,
C10C,V12A,26.8,22.1,31.5,
C10C,V13A,65.6,61.8,69.5,
C10C,V14A,77.6,73.5,81.7,
C10C,V15A,77.5,73.1,81.9,
C10C,V16A,84.6,81.4,87.8,
C10C,V17A,49.8,46.1,53.5,
C10C,V17B,26.6,22.7,30.5,
C10C,V17C,14.8,12.2,17.4,
C10C,V17D,8.8,5,12.6,*
C10C,V18A,16.4,12.6,20.2,
C10C,V18B,30.6,26.5,34.7,
C10C,V18C,41.8,37.8,45.9,
C10C,V18D,11.2,8,14.3,
C10C,V19A,80.6,76.6,84.5,
C10C,V20A,82.3,78.5,86.2,
C10C,V21A,85.2,82.3,88,
C10C,V22A,57.2,52.5,61.9,
C10C,V23A,81,77.5,84.5,
C10C,V24A,81.3,77.8,84.7,
C10C,V25A,83.4,79.5,87.4,
C10D,V00T,19.6,18.8,20.5,
C10D,V01A,23.4,21,25.8,
C10D,V01B,21.4,19.3,23.5,
C10D,V01C,27.1,24.7,29.4,
C10D,V01D,11.5,9.6,13.4,
C10D,V01E,16.7,14.8,18.6,
C10D,V02A,17.5,15.3,19.7,
C10D,V02B,18.6,16.1,21.1,
C10D,V02C,26.6,24.5,28.6,
C10D,V02D,15.6,13.7,17.4,
C10D,V02E,21.7,19.7,23.8,
C10D,V03A,12.2,10.5,13.9,
C10D,V03B,27.9,25.2,30.6,
C10D,V03C,46.2,43.2,49.2,
C10D,V03D,13.7,11.9,15.5,
C10D,V04A,16.8,14.9,18.7,
C10D,V04B,37.7,35.1,40.4,
C10D,V04C,27,24.8,29.1,
C10D,V04D,18.5,16.8,20.2,
C10D,V05A,38.4,35.5,41.4,
C10D,V05B,54.3,51.7,57,
C10D,V05C,7.2,5.8,8.6,
C10D,V06A,69.2,66.7,71.7,
C10D,V06B,25,22.9,27.1,
C10D,V06C,5.8,4.4,7.2,
C10D,V07A,24.2,21.8,26.6,
C10D,V07B,28.7,26.2,31.3,
C10D,V07C,47.1,44.1,50,
C10D,V08A,59.3,56,62.6,
C10D,V09A,85.4,83.4,87.4,
C10D,V10A,55.5,51.1,59.9,
C10D,V11A,74.8,72.1,77.4,
C10D,V12A,19.3,17,21.5,
C10D,V13A,60,57.4,62.7,
C10D,V14A,81.8,79.7,83.8,
C10D,V15A,78.6,76.8,80.5,
C10D,V16A,80.7,78.7,82.7,
C10D,V17A,46.2,43.7,48.7,
C10D,V17B,29.1,26.8,31.5,
C10D,V17C,16.4,14.5,18.3,
C10D,V17D,8.2,6.9,9.5,
C10D,V18A,8.9,7.5,10.4,
C10D,V18B,25.4,23.1,27.7,
C10D,V18C,49.9,47.5,52.4,
C10D,V18D,15.7,14.1,17.4,
C10D,V19A,87.5,85.7,89.3,
C10D,V20A,85.2,83.3,87.1,
C10D,V21A,87.7,86.1,89.3,
C10D,V22A,54,51.3,56.6,
C10D,V23A,81.3,79.2,83.5,
C10D,V24A,82.2,79.8,84.6,
C10D,V25A,85,82.9,87.1,
C11A,V00T,69.2,68,70.4,
C11A,V01A,18.2,17,19.4,
C11A,V01B,17.9,16.8,19,
C11A,V01C,30.8,29.3,32.3,
C11A,V01D,15.8,14.6,16.9,
C11A,V01E,17.4,16.2,18.6,
C11A,V02A,12.7,11.7,13.7,
C11A,V02B,15.8,14.5,17,
C11A,V02C,29.3,27.8,30.8,
C11A,V02D,17.8,16.5,19,
C11A,V02E,24.4,23.2,25.7,
C11A,V03A,10.6,9.6,11.7,
C11A,V03B,22.4,21.1,23.7,
C11A,V03C,47.2,45.7,48.7,
C11A,V03D,19.8,18.5,21.1,
C11A,V04A,18.3,16.9,19.6,
C11A,V04B,38.2,36.8,39.6,
C11A,V04C,27.7,26.5,28.8,
C11A,V04D,15.9,14.8,16.9,
C11A,V05A,33,31.3,34.6,
C11A,V05B,59.5,57.7,61.2,
C11A,V05C,7.5,6.8,8.3,
C11A,V06A,68.4,66.8,70,
C11A,V06B,26.3,24.7,27.9,
C11A,V06C,5.3,4.6,6,
C11A,V07A,19.6,18.4,20.8,
C11A,V07B,27.9,26.5,29.4,
C11A,V07C,52.5,50.8,54.2,
C11A,V08A,58,56.3,59.7,
C11A,V09A,84.5,83.4,85.5,
C11A,V10A,48,45.7,50.2,
C11A,V11A,71.9,70.3,73.4,
C11A,V12A,16.5,15.2,17.8,
C11A,V13A,68.4,67,69.8,
C11A,V14A,81.2,79.9,82.5,
C11A,V15A,76.6,75.1,78.1,
C11A,V16A,81.3,80,82.5,
C11A,V17A,61.6,60.3,63,
C11A,V17B,22.5,21.3,23.8,
C11A,V17C,9.9,9,10.9,
C11A,V17D,5.9,5,6.7,
C11A,V18A,9.7,8.7,10.8,
C11A,V18B,25.3,23.8,26.8,
C11A,V18C,52,50.5,53.5,
C11A,V18D,13,12,13.9,
C11A,V19A,87,86,88,
C11A,V20A,85.1,83.9,86.2,
C11A,V21A,88,86.9,89,
C11A,V22A,55,53.1,56.8,
C11A,V23A,80.5,79.3,81.7,
C11A,V24A,85.2,83.9,86.4,
C11A,V25A,89.6,88.6,90.6,
C11B,V00T,25.5,24.3,26.6,
C11B,V01A,14.4,12.7,16.1,
C11B,V01B,18.2,16.4,20,
C11B,V01C,32.5,29.6,35.4,
C11B,V01D,15.4,13.3,17.5,
C11B,V01E,19.5,17.2,21.9,
C11B,V02A,12,10.3,13.7,
C11B,V02B,15.5,13.4,17.6,
C11B,V02C,30.9,28.1,33.6,
C11B,V02D,17.4,15.1,19.6,
C11B,V02E,24.3,22,26.5,
C11B,V03A,12.2,10.3,14,
C11B,V03B,28.1,25.8,30.5,
C11B,V03C,43.9,41.1,46.7,
C11B,V03D,15.8,13.5,18.1,
C11B,V04A,20,17.5,22.5,
C11B,V04B,38.7,35.8,41.6,
C11B,V04C,28.7,26.3,31.1,
C11B,V04D,12.6,10.9,14.3,
C11B,V05A,40.6,36.9,44.2,
C11B,V05B,54.5,50.9,58.1,
C11B,V05C,4.9,3.9,5.8,
C11B,V06A,68.9,65.9,71.9,
C11B,V06B,26,23.1,28.8,
C11B,V06C,5.2,3.9,6.4,
C11B,V07A,21.7,19.4,24,
C11B,V07B,25.6,22.6,28.5,
C11B,V07C,52.7,49.8,55.7,
C11B,V08A,65.3,62.2,68.4,
C11B,V09A,87.3,85.5,89,
C11B,V10A,58.8,54.7,63,
C11B,V11A,79.4,77.1,81.7,
C11B,V12A,16.3,14.4,18.2,
C11B,V13A,60.4,57.5,63.3,
C11B,V14A,79.5,77.3,81.8,
C11B,V15A,78.1,76.1,80.1,
C11B,V16A,77,74.4,79.6,
C11B,V17A,60.2,57.1,63.3,
C11B,V17B,23,20.8,25.2,
C11B,V17C,10.5,8.9,12,
C11B,V17D,6.3,5,7.5,
C11B,V18A,5.4,4.3,6.5,
C11B,V18B,21.5,19.2,23.8,
C11B,V18C,54.1,51.1,57.1,
C11B,V18D,19,17,21,
C11B,V19A,88.7,87.1,90.4,
C11B,V20A,82.8,80.7,84.9,
C11B,V21A,90.6,89,92.1,
C11B,V22A,49.8,46.9,52.6,
C11B,V23A,87.5,85.8,89.2,
C11B,V24A,82.2,80.4,84.1,
C11B,V25A,82.9,80.6,85.2,
C11C,V00T,5.3,4.7,5.9,
C11C,V01A,16.6,11.8,21.4,
C11C,V01B,19.1,13.9,24.4,
C11C,V01C,27.8,22.3,33.4,
C11C,V01D,19.2,14.2,24.1,
C11C,V01E,17.2,11.7,22.8,*
C11C,V02A,12.7,8.6,16.7,*
C11C,V02B,20.7,14.7,26.6,
C11C,V02C,29.1,23.2,34.9,
C11C,V02D,16.1,11.6,20.6,
C11C,V02E,21.5,16.1,26.9,
C11C,V03A,8.6,5.2,12,*
C11C,V03B,28.9,22.4,35.3,
C11C,V03C,49.9,42.9,56.9,
C11C,V03D,12.6,8,17.3,*
C11C,V04A,27.6,21.6,33.6,
C11C,V04B,49.1,42.8,55.5,
C11C,V04C,18.9,13.8,24.1,
C11C,V04D,4.3,1.9,6.8,**
C11C,V05A,46.6,39.2,54,
C11C,V05B,49.6,42.2,57,
C11C,V05C,3.8,1.4,6.2,**
C11C,V06A,67,60.6,73.5,
C11C,V06B,27.1,20.8,33.4,
C11C,V06C,5.9,3.1,8.7,*
C11C,V07A,30.2,23.3,37.1,
C11C,V07B,31.5,25.1,37.8,
C11C,V07C,38.3,31.8,44.9,
C11C,V08A,72.4,66,78.8,
C11C,V09A,86.4,81.7,91.1,
C11C,V10A,66.6,59.1,74.1,
C11C,V11A,88.7,84.7,92.6,
C11C,V12A,25.7,19.7,31.8,
C11C,V13A,36.7,31,42.3,
C11C,V14A,87.8,83.8,91.7,
C11C,V15A,74.9,68.3,81.5,
C11C,V16A,85.7,81.1,90.2,
C11C,V17A,43.3,37.6,49,
C11C,V17B,26.3,21.1,31.4,
C11C,V17C,19.4,14,24.7,
C11C,V17D,11.1,6.8,15.3,*
C11C,V18A,7.4,3.7,11.1,**
C11C,V18B,11.5,7.5,15.5,*
C11C,V18C,51.4,44.4,58.3,
C11C,V18D,29.8,23.3,36.2,
C11C,V19A,86.4,80.9,91.9,
C11C,V20A,80.4,75.3,85.5,
C11C,V21A,88.7,84,93.4,
C11C,V22A,47.2,40.1,54.2,
C11C,V23A,83.6,78.6,88.5,
C11C,V24A,71.8,65.3,78.3,
C11C,V25A,73.9,67.9,79.9,
C12A,V00T,76.5,75.1,77.9,
C12A,V01A,16.4,15.3,17.5,
C12A,V01B,17.5,16.6,18.5,
C12A,V01C,32.7,31.3,34.1,
C12A,V01D,16.6,15.4,17.8,
C12A,V01E,16.7,15.7,17.8,
C12A,V02A,11.7,10.7,12.7,
C12A,V02B,15.8,14.6,17.1,
C12A,V02C,30.3,29,31.6,
C12A,V02D,18.3,17,19.6,
C12A,V02E,23.9,22.7,25.1,
C12A,V03A,8.5,7.6,9.5,
C12A,V03B,21.5,20.2,22.8,
C12A,V03C,49,47.6,50.5,
C12A,V03D,21,19.7,22.2,
C12A,V04A,18.4,17.2,19.6,
C12A,V04B,39.9,38.5,41.3,
C12A,V04C,27.7,26.5,28.8,
C12A,V04D,14.1,13.1,15,
C12A,V05A,35.5,33.8,37.3,
C12A,V05B,57.7,56,59.4,
C12A,V05C,6.8,6,7.6,
C12A,V06A,70.8,69.3,72.3,
C12A,V06B,24.4,22.9,25.9,
C12A,V06C,4.8,4.1,5.4,
C12A,V07A,18.1,17,19.2,
C12A,V07B,27.6,26.2,29.1,
C12A,V07C,54.3,52.7,55.8,
C12A,V08A,59.6,57.8,61.3,
C12A,V09A,85.6,84.6,86.5,
C12A,V10A,51.1,48.8,53.3,
C12A,V11A,75,73.7,76.4,
C12A,V12A,15.5,14.4,16.7,
C12A,V13A,64.9,63.6,66.2,
C12A,V14A,80.5,79.3,81.7,
C12A,V15A,76.4,74.8,77.9,
C12A,V16A,80.4,79.1,81.6,
C12A,V17A,61.5,60.2,62.8,
C12A,V17B,22.9,21.8,23.9,
C12A,V17C,9.7,8.8,10.6,
C12A,V17D,6,5.1,6.8,
C12A,V18A,8,7.1,8.9,
C12A,V18B,22,20.8,23.3,
C12A,V18C,54.9,53.4,56.5,
C12A,V18D,15,14,16,
C12A,V19A,87.7,86.8,88.6,
C12A,V20A,85.7,84.6,86.7,
C12A,V21A,88.8,87.9,89.7,
C12A,V22A,54.6,53,56.3,
C12A,V23A,81.6,80.5,82.7,
C12A,V24A,85.5,84.4,86.6,
C12A,V25A,89.8,88.7,90.9,
C12B,V00T,12.9,,,B
C12B,V01A,22.9,19.5,26.2,
C12B,V01B,18.8,15.8,21.8,
C12B,V01C,26.5,23.5,29.5,
C12B,V01D,12.1,10,14.3,
C12B,V01E,19.7,16.8,22.6,
C12B,V02A,17.7,14.7,20.7,
C12B,V02B,14.3,11.6,17,
C12B,V02C,26.9,23.5,30.2,
C12B,V02D,16.2,14,18.5,
C12B,V02E,24.9,21.7,28.1,
C12B,V03A,20.9,17.6,24.1,
C12B,V03B,30.1,26.8,33.4,
C12B,V03C,37.2,33.7,40.6,
C12B,V03D,11.8,9.4,14.3,
C12B,V04A,15.8,13,18.6,
C12B,V04B,32.2,29.1,35.4,
C12B,V04C,30.3,27,33.6,
C12B,V04D,21.7,18.9,24.5,
C12B,V05A,24.5,21.7,27.4,
C12B,V05B,66.5,63.3,69.7,
C12B,V05C,9,6.9,11,
C12B,V06A,53.6,50,57.3,
C12B,V06B,35,31.5,38.5,
C12B,V06C,11.4,8.6,14.1,
C12B,V07A,33.3,29.4,37.3,
C12B,V07B,28.7,25.1,32.2,
C12B,V07C,38,34.3,41.6,
C12B,V08A,62.1,59.2,65.1,
C12B,V09A,84,81.6,86.5,
C12B,V10A,53.8,49,58.5,
C12B,V11A,67.7,64.3,71.2,
C12B,V12A,23,19.7,26.3,
C12B,V13A,66.3,63,69.7,
C12B,V14A,79.9,76.7,83.1,
C12B,V15A,75.8,72.9,78.8,
C12B,V16A,80.7,77.9,83.6,
C12B,V17A,56.1,52.8,59.5,
C12B,V17B,24.1,21,27.2,
C12B,V17C,11.8,9.8,13.9,
C12B,V17D,7.9,5.7,10,
C12B,V18A,15.3,12.7,17.9,
C12B,V18B,31.9,28.1,35.6,
C12B,V18C,41.1,37.5,44.7,
C12B,V18D,11.7,9.5,13.9,
C12B,V19A,83.8,81,86.6,
C12B,V20A,82.9,80,85.8,
C12B,V21A,87.8,85.3,90.3,
C12B,V22A,58.8,54.8,62.9,
C12B,V23A,81.3,78.4,84.3,
C12B,V24A,84,81.4,86.6,
C12B,V25A,83.4,80.6,86.3,
C12C,V00T,7.6,6.7,8.5,
C12C,V01A,19.2,15.1,23.3,
C12C,V01B,14.4,10.7,18.2,
C12C,V01C,31.5,25.7,37.3,
C12C,V01D,11.1,7.3,14.9,*
C12C,V01E,23.7,18.5,28.9,
C12C,V02A,13.2,9.7,16.7,
C12C,V02B,14,10.1,18,
C12C,V02C,27,21,33,
C12C,V02D,18.3,13.4,23.2,
C12C,V02E,27.5,21.2,33.7,
C12C,V03A,24.2,19.3,29.1,
C12C,V03B,37.5,31,43.9,
C12C,V03C,29.3,24,34.5,
C12C,V03D,9,5.3,12.7,*
C12C,V04A,22.9,17.6,28.2,
C12C,V04B,35,29.4,40.6,
C12C,V04C,28.6,23.6,33.6,
C12C,V04D,13.6,10.1,17,
C12C,V05A,31.7,25.3,38.1,
C12C,V05B,59.7,53.5,65.9,
C12C,V05C,8.6,5.5,11.7,*
C12C,V06A,48.1,41.9,54.3,
C12C,V06B,41.4,35.4,47.4,
C12C,V06C,10.4,7.7,13.1,
C12C,V07A,40.2,33.7,46.7,
C12C,V07B,25,19.5,30.5,
C12C,V07C,34.8,28.6,40.9,
C12C,V08A,56.5,50.3,62.7,
C12C,V09A,87.9,84.3,91.5,
C12C,V10A,51.4,43.6,59.3,
C12C,V11A,69.2,63.8,74.6,
C12C,V12A,17.9,13.6,22.2,
C12C,V13A,72.7,66.9,78.4,
C12C,V14A,85.7,81.5,89.9,
C12C,V15A,86.6,83.2,89.9,
C12C,V16A,79.7,74,85.5,
C12C,V17A,67.2,60.9,73.6,
C12C,V17B,18.1,13.2,23,
C12C,V17C,9.5,6.4,12.6,*
C12C,V17D,5.1,2.7,7.6,*
C12C,V18A,10.5,7.7,13.4,
C12C,V18B,36.8,32,41.5,
C12C,V18C,41.9,36.8,46.9,
C12C,V18D,10.8,7.2,14.4,*
C12C,V19A,84.8,80.3,89.3,
C12C,V20A,78.8,74,83.6,
C12C,V21A,89.5,86.3,92.7,
C12C,V22A,52.7,46.9,58.6,
C12C,V23A,88.5,84.9,92.1,
C12C,V24A,80,75.8,84.1,
C12C,V25A,84.9,80.4,89.4,
C12D,V00T,14.2,13.2,15.2,
C12D,V01A,16.2,13.2,19.2,
C12D,V01B,23.2,20.1,26.3,
C12D,V01C,26.3,23,29.6,
C12D,V01D,14.7,12,17.5,
C12D,V01E,19.6,16,23.2,
C12D,V02A,13.2,10.8,15.7,
C12D,V02B,16.9,13.9,19.8,
C12D,V02C,31.8,27.9,35.6,
C12D,V02D,16.3,13.9,18.8,
C12D,V02E,21.8,18.5,25,
C12D,V03A,11.3,8.9,13.7,
C12D,V03B,31.2,27.7,34.6,
C12D,V03C,46.4,42.5,50.3,
C12D,V03D,11.1,8.8,13.4,
C12D,V04A,25.1,21.5,28.6,
C12D,V04B,38,34,41.9,
C12D,V04C,27.1,23.9,30.3,
C12D,V04D,9.8,7.5,12.1,
C12D,V05A,45.6,40.9,50.2,
C12D,V05B,51.5,46.8,56.2,
C12D,V05C,2.9,1.8,4,*
C12D,V06A,69.6,65.8,73.5,
C12D,V06B,26.8,23.2,30.4,
C12D,V06C,3.6,2.2,4.9,*
C12D,V07A,22.5,19.2,25.8,
C12D,V07B,26.5,22.9,30.1,
C12D,V07C,51.1,46.8,55.4,
C12D,V08A,65.8,61.5,70.1,
C12D,V09A,84.9,81.7,88.1,
C12D,V10A,59.3,54.1,64.5,
C12D,V11A,82.1,79.1,85.1,
C12D,V12A,23.5,20.1,26.9,
C12D,V13A,52.5,48.3,56.7,
C12D,V14A,81,77.9,84.2,
C12D,V15A,75,71.6,78.4,
C12D,V16A,81.1,77.9,84.2,
C12D,V17A,50.3,45.9,54.7,
C12D,V17B,27.1,23.8,30.4,
C12D,V17C,15.7,12.4,18.9,
C12D,V17D,6.9,4.7,9.1,*
C12D,V18A,4.9,3.3,6.4,*
C12D,V18B,19.6,16.8,22.4,
C12D,V18C,55.8,51.7,60,
C12D,V18D,19.7,16.6,22.8,
C12D,V19A,88.6,86,91.1,
C12D,V20A,80.9,78.3,83.6,
C12D,V21A,90.2,87.9,92.5,
C12D,V22A,43.6,39.2,47.9,
C12D,V23A,85.9,83.3,88.5,
C12D,V24A,74.1,70.4,77.7,
C12D,V25A,72.9,69.2,76.5,
C13A,V00T,34.6,,,B
C13A,V01A,16.9,15.1,18.8,
C13A,V01B,19.4,17.2,21.6,
C13A,V01C,31.5,29.1,33.9,
C13A,V01D,15.2,13.3,17.1,
C13A,V01E,17,15,19,
C13A,V02A,13.3,11.6,14.9,
C13A,V02B,17,14.9,19,
C13A,V02C,31.8,29.4,34.3,
C13A,V02D,16.7,14.5,18.8,
C13A,V02E,21.3,19.3,23.3,
C13A,V03A,13.6,11.8,15.4,
C13A,V03B,27.6,25.1,30.2,
C13A,V03C,43.1,40.4,45.8,
C13A,V03D,15.6,13.5,17.8,
C13A,V04A,21.9,19.5,24.2,
C13A,V04B,41.4,38.7,44.1,
C13A,V04C,24.1,21.8,26.4,
C13A,V04D,12.6,11,14.3,
C13A,V05A,37.1,33.8,40.3,
C13A,V05B,56.9,53.8,60,
C13A,V05C,6,4.9,7.2,
C13A,V06A,64.7,61.6,67.9,
C13A,V06B,29.6,26.5,32.7,
C13A,V06C,5.7,4.5,6.8,
C13A,V07A,24.6,22.1,27.1,
C13A,V07B,25.9,23.3,28.5,
C13A,V07C,49.5,46.4,52.6,
C13A,V08A,64.4,61.7,67.2,
C13A,V09A,87.7,86,89.5,
C13A,V10A,54.3,50.6,58,
C13A,V11A,80.1,77.9,82.4,
C13A,V12A,16.7,14.9,18.5,
C13A,V13A,65.2,62.5,67.9,
C13A,V14A,81.2,78.8,83.5,
C13A,V15A,79,76.6,81.5,
C13A,V16A,81,78.6,83.4,
C13A,V17A,62.3,59.6,64.9,
C13A,V17B,21.6,19.5,23.6,
C13A,V17C,10.4,8.8,12,
C13A,V17D,5.8,4.8,6.8,
C13A,V18A,7.3,6,8.7,
C13A,V18B,24.3,22,26.5,
C13A,V18C,53.4,51,55.8,
C13A,V18D,15,13.2,16.8,
C13A,V19A,88.8,87,90.5,
C13A,V20A,85,83,87,
C13A,V21A,90.8,89.2,92.3,
C13A,V22A,49.4,46.5,52.4,
C13A,V23A,86.9,84.9,89,
C13A,V24A,81.9,79.7,84.2,
C13A,V25A,86.1,84,88.3,
C13B,V00T,10.8,,,B
C13B,V01A,18,15.1,20.8,
C13B,V01B,19.1,16.2,22,
C13B,V01C,31.7,28.1,35.3,
C13B,V01D,16.2,13,19.4,
C13B,V01E,15,12,18,
C13B,V02A,12,9.7,14.4,
C13B,V02B,17.1,14.2,20,
C13B,V02C,29.7,26.5,32.8,
C13B,V02D,19.6,16.6,22.6,
C13B,V02E,21.6,18.7,24.4,
C13B,V03A,8.9,6.5,11.3,
C13B,V03B,22.9,19.4,26.3,
C13B,V03C,45.5,41.8,49.3,
C13B,V03D,22.6,19,26.3,
C13B,V04A,19.9,16.8,23.1,
C13B,V04B,38.4,35.1,41.6,
C13B,V04C,28.8,25.7,32,
C13B,V04D,12.9,10.4,15.3,
C13B,V05A,33.8,28.5,39.1,
C13B,V05B,57.8,52.9,62.6,
C13B,V05C,8.5,6.5,10.4,
C13B,V06A,74.2,69.9,78.4,
C13B,V06B,20.9,17.5,24.4,
C13B,V06C,4.9,3,6.8,*
C13B,V07A,18.7,15.3,22.1,
C13B,V07B,28.4,25.4,31.4,
C13B,V07C,52.9,48.9,56.9,
C13B,V08A,61.3,56.7,65.9,
C13B,V09A,87.2,84.5,90,
C13B,V10A,58.8,54,63.7,
C13B,V11A,73.9,70.1,77.7,
C13B,V12A,17.1,14.1,20.2,
C13B,V13A,59.3,55.2,63.4,
C13B,V14A,83.2,80.4,86,
C13B,V15A,75.5,72.8,78.1,
C13B,V16A,80.7,78.1,83.4,
C13B,V17A,57.4,53.7,61.2,
C13B,V17B,25.6,22.3,29,
C13B,V17C,9.8,7.4,12.2,
C13B,V17D,7.1,4.9,9.3,*
C13B,V18A,5.9,3.8,7.9,*
C13B,V18B,21.2,17.5,24.8,
C13B,V18C,55.4,51.8,59.1,
C13B,V18D,17.6,14.9,20.2,
C13B,V19A,91.7,89.7,93.7,
C13B,V20A,89.6,87.5,91.7,
C13B,V21A,92,90.3,93.8,
C13B,V22A,57.4,53.6,61.3,
C13B,V23A,87.8,85.4,90.1,
C13B,V24A,88.4,86,90.9,
C13B,V25A,88.5,86,91,
C13C,V00T,10.8,,,B
C13C,V01A,17.3,14.4,20.1,
C13C,V01B,18.5,15.8,21.2,
C13C,V01C,28.8,25.1,32.5,
C13C,V01D,15.8,13.5,18.2,
C13C,V01E,19.6,16.9,22.4,
C13C,V02A,12,9.2,14.8,
C13C,V02B,13,10.6,15.4,
C13C,V02C,27.5,23.4,31.5,
C13C,V02D,16.4,13.6,19.2,
C13C,V02E,31.2,27,35.3,
C13C,V03A,10.6,8.3,12.9,
C13C,V03B,22.2,18.4,26,
C13C,V03C,46.9,42.6,51.2,
C13C,V03D,20.3,16.6,23.9,
C13C,V04A,17.5,14.7,20.4,
C13C,V04B,35.3,31.1,39.5,
C13C,V04C,29.7,26.1,33.3,
C13C,V04D,17.5,14.6,20.3,
C13C,V05A,32.4,27.5,37.3,
C13C,V05B,61.5,56.6,66.4,
C13C,V05C,6.1,4.3,8,*
C13C,V06A,67.7,63,72.5,
C13C,V06B,26.7,22.5,30.9,
C13C,V06C,5.6,3.6,7.6,*
C13C,V07A,19.2,15.6,22.7,
C13C,V07B,30.3,26.7,34,
C13C,V07C,50.5,46.2,54.8,
C13C,V08A,52.1,47,57.2,
C13C,V09A,80.8,77.7,83.8,
C13C,V10A,40.5,35,46.1,
C13C,V11A,70.3,66.2,74.4,
C13C,V12A,17.7,14.7,20.6,
C13C,V13A,64.3,60.4,68.2,
C13C,V14A,81.5,77.9,85.1,
C13C,V15A,72,68.1,75.8,
C13C,V16A,76.1,72.7,79.4,
C13C,V17A,61.5,58.6,64.4,
C13C,V17B,24.3,21.4,27.2,
C13C,V17C,9.1,7,11.2,
C13C,V17D,5,3.5,6.6,*
C13C,V18A,11,8.6,13.5,
C13C,V18B,24.3,20.7,27.9,
C13C,V18C,51.9,47.6,56.2,
C13C,V18D,12.7,10.4,15,
C13C,V19A,83,79.7,86.3,
C13C,V20A,78.8,75,82.6,
C13C,V21A,83.6,80.1,87.2,
C13C,V22A,49,45.2,52.9,
C13C,V23A,76.3,72.6,79.9,
C13C,V24A,81.6,78.3,84.9,
C13C,V25A,91.1,88.5,93.6,
C13D,V00T,20.2,,,B
C13D,V01A,17.3,15.3,19.3,
C13D,V01B,17.8,15.7,19.9,
C13D,V01C,29.8,27.3,32.3,
C13D,V01D,13.7,12,15.4,
C13D,V01E,21.4,18.9,23.9,
C13D,V02A,12.5,10.7,14.3,
C13D,V02B,14.7,12.9,16.6,
C13D,V02C,26.6,24.1,29,
C13D,V02D,18.4,16.4,20.5,
C13D,V02E,27.8,25,30.5,
C13D,V03A,10.3,8.7,12,
C13D,V03B,24.2,22.1,26.4,
C13D,V03C,47.7,45,50.3,
C13D,V03D,17.8,15.6,19.9,
C13D,V04A,17.6,15.4,19.7,
C13D,V04B,36.7,34.4,38.9,
C13D,V04C,29.2,27.1,31.3,
C13D,V04D,16.6,14.7,18.4,
C13D,V05A,34.1,31.4,36.9,
C13D,V05B,58.9,56.2,61.6,
C13D,V05C,7,5.8,8.2,
C13D,V06A,67.1,64.3,69.9,
C13D,V06B,26.8,24.3,29.3,
C13D,V06C,6.2,4.9,7.4,
C13D,V07A,20,17.8,22.2,
C13D,V07B,29.4,27.1,31.8,
C13D,V07C,50.6,47.7,53.5,
C13D,V08A,53.8,50.8,56.8,
C13D,V09A,82.2,80.3,84.1,
C13D,V10A,45.1,40.9,49.3,
C13D,V11A,66.9,64.2,69.6,
C13D,V12A,19.3,17.2,21.5,
C13D,V13A,67.9,65.3,70.5,
C13D,V14A,82.2,80.3,84.2,
C13D,V15A,76.9,74.5,79.3,
C13D,V16A,79.7,77.8,81.6,
C13D,V17A,59.1,56.8,61.5,
C13D,V17B,23.6,21.4,25.8,
C13D,V17C,12,10.5,13.5,
C13D,V17D,5.3,4.1,6.5,
C13D,V18A,11.3,9.4,13.1,
C13D,V18B,25.1,22.6,27.6,
C13D,V18C,48,45.3,50.7,
C13D,V18D,15.7,13.9,17.5,
C13D,V19A,84.7,83.1,86.2,
C13D,V20A,80.2,78.1,82.3,
C13D,V21A,86,84.4,87.6,
C13D,V22A,51.4,48.7,54.1,
C13D,V23A,77,74.8,79.2,
C13D,V24A,82.6,80.8,84.4,
C13D,V25A,85.4,83.2,87.6,
C13E,V00T,13,,,B
C13E,V01A,18.1,15.2,20.9,
C13E,V01B,15.7,12.9,18.6,
C13E,V01C,32,28.4,35.6,
C13E,V01D,17.4,13.9,20.9,
C13E,V01E,16.7,13.5,20,
C13E,V02A,12.3,9.9,14.8,
C13E,V02B,16.5,13.2,19.7,
C13E,V02C,29.4,25.2,33.7,
C13E,V02D,17.5,14.8,20.3,
C13E,V02E,24.2,21,27.4,
C13E,V03A,8.4,6.3,10.5,
C13E,V03B,19.4,16.1,22.7,
C13E,V03C,50.8,47,54.5,
C13E,V03D,21.4,18.6,24.3,
C13E,V04A,18.8,15.3,22.3,
C13E,V04B,36.9,33.3,40.5,
C13E,V04C,30.9,27.9,34,
C13E,V04D,13.3,10.8,15.9,
C13E,V05A,35.8,32,39.6,
C13E,V05B,58.4,54.2,62.6,
C13E,V05C,5.8,3.8,7.9,*
C13E,V06A,72.8,69,76.6,
C13E,V06B,22.9,19.1,26.7,
C13E,V06C,4.3,3,5.6,*
C13E,V07A,15.7,13.1,18.3,
C13E,V07B,27.9,24.4,31.4,
C13E,V07C,56.4,52.1,60.7,
C13E,V08A,60.9,56.3,65.5,
C13E,V09A,84.4,81.7,87.2,
C13E,V10A,49.4,42.8,56,
C13E,V11A,74.4,70.7,78.1,
C13E,V12A,16.9,13.7,20.2,
C13E,V13A,60.3,56.5,64.2,
C13E,V14A,77.7,74.9,80.5,
C13E,V15A,74.7,71.4,78.1,
C13E,V16A,80.3,77.4,83.2,
C13E,V17A,56.5,52.7,60.4,
C13E,V17B,23.3,20,26.5,
C13E,V17C,12.6,10.1,15.1,
C13E,V17D,7.5,5.2,9.9,*
C13E,V18A,8,5.8,10.2,
C13E,V18B,23.5,20.4,26.6,
C13E,V18C,51.1,47.7,54.5,
C13E,V18D,17.4,14.5,20.2,
C13E,V19A,86.7,84.2,89.2,
C13E,V20A,85.3,82.9,87.8,
C13E,V21A,88.2,85.9,90.4,
C13E,V22A,57.5,53.8,61.3,
C13E,V23A,81.1,78.2,84,
C13E,V24A,84,81.2,86.8,
C13E,V25A,85.7,83,88.3,
C13F,V00T,10.6,,,B
C13F,V01A,15.4,12.6,18.2,
C13F,V01B,15.4,11.9,18.8,
C13F,V01C,32.4,28.7,36.2,
C13F,V01D,19.5,15.2,23.7,
C13F,V01E,17.3,14.2,20.5,
C13F,V02A,11.4,8.5,14.3,
C13F,V02B,16.2,13,19.4,
C13F,V02C,31.4,26.8,36.1,
C13F,V02D,18.1,13.6,22.6,
C13F,V02E,22.9,19.6,26.1,
C13F,V03A,8.9,5.9,11.8,*
C13F,V03B,22.4,18.6,26.1,
C13F,V03C,50.3,46.6,54,
C13F,V03D,18.5,15.9,21,
C13F,V04A,15.1,12.3,17.9,
C13F,V04B,41.5,36.9,46.2,
C13F,V04C,27.4,23.8,31,
C13F,V04D,16,12.3,19.7,
C13F,V05A,39,33.9,44.2,
C13F,V05B,53,48.1,57.9,
C13F,V05C,8,5.3,10.6,*
C13F,V06A,72.5,67.8,77.2,
C13F,V06B,23.4,19,27.8,
C13F,V06C,4.1,2.4,5.8,*
C13F,V07A,19,15.5,22.4,
C13F,V07B,25.2,20.6,29.7,
C13F,V07C,55.8,51.4,60.3,
C13F,V08A,69.9,66.1,73.8,
C13F,V09A,86.7,83.9,89.4,
C13F,V10A,63.7,56.3,71.2,
C13F,V11A,77.5,73.4,81.6,
C13F,V12A,12.4,9.3,15.5,
C13F,V13A,67.5,62.9,72.1,
C13F,V14A,80.3,77,83.6,
C13F,V15A,78.9,74.9,82.8,
C13F,V16A,83.7,81,86.4,
C13F,V17A,62.3,58.4,66.1,
C13F,V17B,21,17.5,24.4,
C13F,V17C,8.4,6.4,10.3,
C13F,V17D,8.4,4.9,11.9,*
C13F,V18A,7.9,4.8,11,*
C13F,V18B,20.7,17.4,24,
C13F,V18C,57,53.5,60.6,
C13F,V18D,14.4,11.7,17.1,
C13F,V19A,89.1,86.3,92,
C13F,V20A,88.3,85.7,90.9,
C13F,V21A,89.4,86.5,92.2,
C13F,V22A,63.5,59.3,67.7,
C13F,V23A,80.8,77.3,84.4,
C13F,V24A,88.6,86,91.2,
C13F,V25A,89.2,85.6,92.7,
C14A,V00T,8.9,8.2,9.5,
C14A,V01A,37.6,33.9,41.2,
C14A,V01B,14,11.3,16.7,
C14A,V01C,23.5,20.3,26.6,
C14A,V01D,7.9,5.9,9.9,
C14A,V01E,17.1,14.4,19.8,
C14A,V02A,25.2,21.5,28.9,
C14A,V02B,18,14.8,21.2,
C14A,V02C,24.3,20.9,27.7,
C14A,V02D,10.8,8.3,13.3,
C14A,V02E,21.7,18.6,24.8,
C14A,V03A,20.2,16.9,23.6,
C14A,V03B,31.8,28,35.6,
C14A,V03C,37,32.6,41.4,
C14A,V03D,11,8.4,13.5,
C14A,V04A,3.2,2,4.4,*
C14A,V04B,17.3,13.8,20.8,
C14A,V04C,29.6,26.4,32.8,
C14A,V04D,49.9,45.6,54.2,
C14A,V05A,30.2,27,33.5,
C14A,V05B,58.4,54.5,62.2,
C14A,V05C,11.4,8.7,14.2,
C14A,V06A,64.9,60.9,68.9,
C14A,V06B,24.1,20.2,28,
C14A,V06C,11,8.1,13.9,
C14A,V07A,26.4,22.7,30.1,
C14A,V07B,26.1,22.6,29.6,
C14A,V07C,47.5,43.5,51.5,
C14A,V08A,46.6,41.8,51.5,
C14A,V09A,77.9,74.7,81.1,
C14A,V10A,41.9,36.5,47.3,
C14A,V11A,61.3,56.3,66.3,
C14A,V12A,21.8,18.2,25.5,
C14A,V13A,65.9,61.4,70.4,
C14A,V14A,77.3,73.6,81,
C14A,V15A,68.8,65.3,72.2,
C14A,V16A,66.4,62.1,70.6,
C14A,V17A,50.3,46.5,54.1,
C14A,V17B,21.3,18.3,24.2,
C14A,V17C,16.2,12.9,19.4,
C14A,V17D,12.3,9.6,15,
C14A,V18A,16.2,13.5,19,
C14A,V18B,29.6,26.1,33.2,
C14A,V18C,41.3,37.4,45.2,
C14A,V18D,12.8,10.6,15.1,
C14A,V19A,85.2,82.3,88,
C14A,V20A,80.5,77,83.9,
C14A,V21A,85.8,82.9,88.6,
C14A,V22A,47.9,44.1,51.6,
C14A,V23A,74.3,70.8,77.7,
C14A,V24A,85.9,83.6,88.2,
C14A,V25A,78.6,74.8,82.4,
C14B,V00T,91.1,90.5,91.8,
C14B,V01A,15.1,14.2,16,
C14B,V01B,18.4,17.5,19.4,
C14B,V01C,31.8,30.6,33,
C14B,V01D,16.6,15.5,17.7,
C14B,V01E,18,16.9,19.1,
C14B,V02A,11.3,10.5,12.1,
C14B,V02B,15.8,14.6,17,
C14B,V02C,30.3,28.9,31.6,
C14B,V02D,18.2,17.1,19.4,
C14B,V02E,24.5,23.4,25.5,
C14B,V03A,10,9.1,10.9,
C14B,V03B,23.5,22.1,24.8,
C14B,V03C,47.4,46.1,48.7,
C14B,V03D,19.1,17.9,20.3,
C14B,V04A,20.8,19.5,22,
C14B,V04B,41,39.6,42.4,
C14B,V04C,27.3,26.1,28.4,
C14B,V04D,11,10,11.9,
C14B,V05A,36.2,34.4,37.9,
C14B,V05B,57.6,55.9,59.3,
C14B,V05C,6.2,5.6,6.9,
C14B,V06A,68.8,67.2,70.4,
C14B,V06B,26.5,25,28,
C14B,V06C,4.8,4.1,5.4,
C14B,V07A,20.1,18.9,21.4,
C14B,V07B,27.7,26.3,29.1,
C14B,V07C,52.2,50.7,53.7,
C14B,V08A,61.8,60.3,63.3,
C14B,V09A,86,85.1,86.9,
C14B,V10A,52.9,50.9,54.9,
C14B,V11A,75.7,74.4,77,
C14B,V12A,16.5,15.4,17.6,
C14B,V13A,64.6,63.2,65.9,
C14B,V14A,81.5,80.3,82.7,
C14B,V15A,77.7,76.4,79,
C14B,V16A,81.8,80.6,83,
C14B,V17A,61.2,59.9,62.6,
C14B,V17B,23,21.9,24.1,
C14B,V17C,10,9.2,10.8,
C14B,V17D,5.7,4.9,6.4,
C14B,V18A,7.8,6.9,8.7,
C14B,V18B,23,21.8,24.3,
C14B,V18C,53.6,52.1,55,
C14B,V18D,15.7,14.7,16.6,
C14B,V19A,87.6,86.7,88.5,
C14B,V20A,84.6,83.6,85.7,
C14B,V21A,89,88.1,89.9,
C14B,V22A,53.7,52.2,55.3,
C14B,V23A,83.3,82.3,84.3,
C14B,V24A,83.5,82.3,84.7,
C14B,V25A,87.8,86.8,88.9,
